Référent SEE;"SERMA
Date";Type;Numéro de dossier;Comm.;Liens
ASC;;DD;12016;Bellevue Collex-Bossy;
ASC;;DD;12017;Céligny;
DL;;DD;22013;Bellevue;
GW;;DD;100538;Petit-Saconnex;S:\UO5196\50_SERMA\04_SECTEUR_EE\02_EVAL_ENVIRO\DD\DD 100538 Secheron 11-13 ch. des Mines avec NIE
ASC;;DD;102387;Meyrin;S:\UO5196\50_SERMA\04_SECTEUR_EE\02_EVAL_ENVIRO\DD\DD 102387 Hôpital La Tour
AM;;DD;104570;Plan-les-Ouates;S:\UO5196\50_SERMA\04_SECTEUR_EE\02_EVAL_ENVIRO\DD\DD 104570-3 batiment industriel Plan les ouates
DL;;DD;104855;Satigny;S:\UO5196\50_SERMA\04_SECTEUR_EE\02_EVAL_ENVIRO\DD\DD 104855 - Easy Corner
WV;;DD;104942;Plan-les-Ouates;S:\UO5196\50_SERMA\04_SECTEUR_EE\02_EVAL_ENVIRO\DD\DD 104942 Centre multifonctionnel FTI Plan-les-Ouates
GW;2021-11-04 00:00:00;DD;104951;Meyrin;S:\UO5196\50_SERMA\04_SECTEUR_EE\02_EVAL_ENVIRO\DD\DD 104951 - Richemont
ASC;;DD;104973;Meyrin;S:\UO5196\50_SERMA\04_SECTEUR_EE\02_EVAL_ENVIRO\DD\DD 104973 Tour C2
ASC;;DD;105114;Meyrin;S:\UO5196\50_SERMA\04_SECTEUR_EE\02_EVAL_ENVIRO\DD\DD 105114 bâtiments B10 à B14
ASC;;DD;105199;Satigny;S:\UO5196\50_SERMA\04_SECTEUR_EE\02_EVAL_ENVIRO\DD\DD 105199 Firmenich Satigny
AM;;DD;105427;Plan-les-Ouates;S:\UO5196\50_SERMA\04_SECTEUR_EE\02_EVAL_ENVIRO\DD\DD 105427 GREENSTAR
DL;;DD;105493;Meyrin;S:\UO5196\50_SERMA\04_SECTEUR_EE\02_EVAL_ENVIRO\DD\DD 105493 Parkings des Vergers et des Arbères
ASC;;DD;105561;;S:\UO5196\50_SERMA\04_SECTEUR_EE\02_EVAL_ENVIRO\DD\DD 105561 Parking des Sports
;2020-09-14 00:00:00;DD;105585; -;S:\UO5196\50_SERMA\04_SECTEUR_EE\02_EVAL_ENVIRO\DD\DD 105585 - Route des Nations
GW;;DD;105890;Lancy;S:\UO5196\50_SERMA\04_SECTEUR_EE\02_EVAL_ENVIRO\DD\DD 105890_Lot B1
AM;;DD;106351;Laconnex;S:\UO5196\50_SERMA\04_SECTEUR_EE\02_EVAL_ENVIRO\DD\DD 106351 Les Allues
AM;;DD;106504;Perly-Certoux;S:\UO5196\50_SERMA\04_SECTEUR_EE\02_EVAL_ENVIRO\DD\DD 106504 les Mattines
ASC;2021-11-15 00:00:00;DD;106505;Genève;S:\UO5196\50_SERMA\04_SECTEUR_EE\02_EVAL_ENVIRO\DD\DD 106505 Hispano
CT;;DD;106516;Genève;S:\UO5196\50_SERMA\04_SECTEUR_EE\02_EVAL_ENVIRO\DD\DD 106516 - Nouvelle Comédie
GW;;DD;106595;Lancy;
ASC;;DD;106612;Meyrin;S:\UO5196\50_SERMA\04_SECTEUR_EE\02_EVAL_ENVIRO\DD\DD 106612 Lac des Vernes - Meyrin
ASC;2020-06-30 00:00:00;DD;106650;Meyrin;S:\UO5196\50_SERMA\04_SECTEUR_EE\02_EVAL_ENVIRO\DD\DD 106650-2 Les Vergers aménagements extérieurs
GW;;DD;106742;Lancy;
ASC;;DD;107077;;S:\UO5196\50_SERMA\04_SECTEUR_EE\02_EVAL_ENVIRO\DD\DD 107077 Les Vergers - Bâtiment A26
ASC;2022-01-20 00:00:00;DD;107339;Vernier;S:\UO5196\50_SERMA\04_SECTEUR_EE\02_EVAL_ENVIRO\DD\DD 107339 Etang îlot F
ASC;;DD;107340;Vernier;S:\UO5196\50_SERMA\04_SECTEUR_EE\02_EVAL_ENVIRO\DD\DD 107340 Etang îlot C
ASC;;DD;107341;Vernier;S:\UO5196\50_SERMA\04_SECTEUR_EE\02_EVAL_ENVIRO\DD\DD 107341 Etang îlot E
ASC;2022-12-08 00:00:00;DD;107342;Vernier;S:\UO5196\50_SERMA\04_SECTEUR_EE\02_EVAL_ENVIRO\DD\DD 107342-2 Etang Aménagements extérieurs complémentaire
ASC;;DD;107343;Vernier;S:\UO5196\50_SERMA\04_SECTEUR_EE\02_EVAL_ENVIRO\DD\DD 107343 Etang îlot D
ASC;2022-06-13 00:00:00;DD;107344;Vernier;S:\UO5196\50_SERMA\04_SECTEUR_EE\02_EVAL_ENVIRO\DD\DD 107344-2 Etang îlot A modifications
ASC;;DD;107345;Vernier;S:\UO5196\50_SERMA\04_SECTEUR_EE\02_EVAL_ENVIRO\DD\DD 107345 Etang îlot B
ASC;;DD;107432;Meyrin;S:\UO5196\50_SERMA\04_SECTEUR_EE\02_EVAL_ENVIRO\DD\DD 107432 Les Vergers - bâtiment A15
ASC;;DD;107438;Meyrin;S:\UO5196\50_SERMA\04_SECTEUR_EE\02_EVAL_ENVIRO\DD\DD 107438 Les Vergers - bâtiment B2
DL;;DD;107484;Satigny;S:\UO5196\50_SERMA\04_SECTEUR_EE\02_EVAL_ENVIRO\DD\DD 107484 - Remodelage agricole à Satigny
ASC;;DD;107489;Meyrin;S:\UO5196\50_SERMA\04_SECTEUR_EE\02_EVAL_ENVIRO\DD\DD 107489 Les Vergers - Tour C3
AM;2021-02-07 00:00:00;DD;107505;Plan-les-Ouates;S:\UO5196\50_SERMA\04_SECTEUR_EE\02_EVAL_ENVIRO\DD\DD 107505 Patek Philippe PP6
ASC;;DD;107531;Meyrin;S:\UO5196\50_SERMA\04_SECTEUR_EE\02_EVAL_ENVIRO\DD\DD 107531 Les Vergers - bâtiments A23 et A27
ASC;;DD;107543;;S:\UO5196\50_SERMA\04_SECTEUR_EE\02_EVAL_ENVIRO\DD\DD 107543 Les Vergers - Tour C1
CT;2022-07-08 00:00:00;DD;107550;Chêne-Bourg;S:\UO5196\50_SERMA\04_SECTEUR_EE\02_EVAL_ENVIRO\DD\DD 107550_ Espaces publics
MS;;DD;107611;Lancy;S:\UO5196\50_SERMA\04_SECTEUR_EE\02_EVAL_ENVIRO\DD\DD 107611 Adret Espaces publics
;2020-09-17 00:00:00;DD;107635;Plan-les-Ouates;S:\UO5196\50_SERMA\04_SECTEUR_EE\02_EVAL_ENVIRO\DD\DD 107635 Espace Tourbillon
ASC;;DD;107653;Meyrin;S:\UO5196\50_SERMA\04_SECTEUR_EE\02_EVAL_ENVIRO\DD\DD 107653 Les Vergers - bâtiment B5
ASC;;DD;107654;Meyrin;S:\UO5196\50_SERMA\04_SECTEUR_EE\02_EVAL_ENVIRO\DD\DD 107654 Les Vergers - bâtiment B3
ASC;;DD;107656;Meyrin;S:\UO5196\50_SERMA\04_SECTEUR_EE\02_EVAL_ENVIRO\DD\DD 107656 Les Vergers - bâtiment B1
ASC;;DD;107657;Meyrin;S:\UO5196\50_SERMA\04_SECTEUR_EE\02_EVAL_ENVIRO\DD\DD 107657 Les Vergers - bâtiment A22
AM;;DD;107673;Bardonnex;
ASC;;DD;107684;Meyrin;S:\UO5196\50_SERMA\04_SECTEUR_EE\02_EVAL_ENVIRO\DD\DD 107684 Les Vergers - bâtiments A24, A25 et A28
DL;;DD;107717;;S:\UO5196\50_SERMA\04_SECTEUR_EE\02_EVAL_ENVIRO\DD\DD 107717 GENILAC
MS;;DD;107750;Thonex;S:\UO5196\50_SERMA\04_SECTEUR_EE\02_EVAL_ENVIRO\DD\DD 107750 Maillon routier Exterieur PLQ
MS;;DD;107751;Thonex;S:\UO5196\50_SERMA\04_SECTEUR_EE\02_EVAL_ENVIRO\DD\DD 107751 Maillon routier Interieur PLQ
ASC;;DD;107801;Thonex;S:\UO5196\50_SERMA\04_SECTEUR_EE\02_EVAL_ENVIRO\DD\DD 107801 Etienne Chennaz
CT;;DD;107823;Chêne_bourg;S:\UO5196\50_SERMA\04_SECTEUR_EE\02_EVAL_ENVIRO\DD\DD 107823 - Parking Gare de Chêne Bourg
ASC;;DD;107872;Meyrin;S:\UO5196\50_SERMA\04_SECTEUR_EE\02_EVAL_ENVIRO\DD\DD 107872 Les Vergers - bâtiments A11 et A12
ASC;;DD;107917;Meyrin;S:\UO5196\50_SERMA\04_SECTEUR_EE\02_EVAL_ENVIRO\DD\DD 107917-2 Les Vergers - équipements publics
ASC;;DD;108014;Meyrin;S:\UO5196\50_SERMA\04_SECTEUR_EE\02_EVAL_ENVIRO\DD\DD 108014 Les Vergers - Ecole Voie Lactée
GW;2022-04-14 00:00:00;DD;108073;Satigny;S:\UO5196\50_SERMA\04_SECTEUR_EE\02_EVAL_ENVIRO\DD\DD 108073 - RAE 21-30 - Implenia - Stockage matériaux au Bois de Bay
AL;;DD;108079;Meyrin;S:\UO5196\50_SERMA\04_SECTEUR_EE\02_EVAL_ENVIRO\DD\DD 108079 Les Vergers -bâtiment A14
CT;;DD;108247;Chêne-Bourg;S:\UO5196\50_SERMA\04_SECTEUR_EE\02_EVAL_ENVIRO\DD\DD 108247 - Batiment B OPALE CFF
CT;;DD;108349;Thonex Puplinge;S:\UO5196\50_SERMA\04_SECTEUR_EE\02_EVAL_ENVIRO\DD\DD 108349 RC 23 Route de Jussy Lot 2
CT;2020-04-30 00:00:00;DD;108350;Thônex;S:\UO5196\50_SERMA\04_SECTEUR_EE\02_EVAL_ENVIRO\DD\DD 108350 RC 23 Route de Jussy Lot 1
CT;;DD;108351;Thonex Puplinge;S:\UO5196\50_SERMA\04_SECTEUR_EE\02_EVAL_ENVIRO\DD\DD 108351 RC 55 Route de Mon Idée Lot 3
CT;2021-02-24 00:00:00;DD;108363;Genève;S:\UO5196\50_SERMA\04_SECTEUR_EE\02_EVAL_ENVIRO\DD\DD 108363 CFF_Eaux-Vives -Parking&Commerces
CT;2021-04-01 00:00:00;DD;108392;Thônex;S:\UO5196\50_SERMA\04_SECTEUR_EE\02_EVAL_ENVIRO\DD\DD 108392 Espaces publics et infra ar ter
CT;2021-05-10 00:00:00;DD;108393;Thônex;S:\UO5196\50_SERMA\04_SECTEUR_EE\02_EVAL_ENVIRO\DD\DD 108393 Pièces urbaines A2 - B
DL;;DD;108536;Meyrin;S:\UO5196\50_SERMA\04_SECTEUR_EE\02_EVAL_ENVIRO\DD\DD 108536 - La Bergère
ASC;;DD;108574;Meyrin;S:\UO5196\50_SERMA\04_SECTEUR_EE\02_EVAL_ENVIRO\DD\DD 108574 Les Vergers - bâtiment A13
CT;;DD;108630;Presinge;S:\UO5196\50_SERMA\04_SECTEUR_EE\02_EVAL_ENVIRO\DD\DD 108630 - Ferme agricole - Rte de Jurets-Jussy
DL;;DD;108684;Meyrin;S:\UO5196\50_SERMA\04_SECTEUR_EE\02_EVAL_ENVIRO\DD\DD 108684 - Transformation Richemont
ASC;;DD;108735;Vernier;S:\UO5196\50_SERMA\04_SECTEUR_EE\02_EVAL_ENVIRO\DD\DD 108735 Etang bande convoyeuse - NIE
ASC;2021-04-06 00:00:00;DD;108752;;S:\UO5196\50_SERMA\04_SECTEUR_EE\02_EVAL_ENVIRO\DD\DD 108752 - Vieusseux - Bât A
DL;;DD;108753;Vieusseux;S:\UO5196\50_SERMA\04_SECTEUR_EE\02_EVAL_ENVIRO\DD\DD 108753 - Vieusseux - Bât G
DL;;DD;108754;Satigny;S:\UO5196\50_SERMA\04_SECTEUR_EE\02_EVAL_ENVIRO\DD\DD 108754 - Soreval - Champ du Puits
MS;;DD;108768;Lancy;S:\UO5196\50_SERMA\04_SECTEUR_EE\02_EVAL_ENVIRO\DD\DD 108768 Adret mur de protection
AM;2020-01-24 00:00:00;DD;108786;Plan-les-Ouates;S:\UO5196\50_SERMA\04_SECTEUR_EE\02_EVAL_ENVIRO\DD\DD 108786 issu PLQ les Sciers
CT;2020-01-29 00:00:00;DD;108787;Plan-les-Ouates;S:\UO5196\50_SERMA\04_SECTEUR_EE\02_EVAL_ENVIRO\DD\DD 108787 issu PLQ les Sciers
ASC;2020-02-13 00:00:00;DD;108789; -;S:\UO5196\50_SERMA\04_SECTEUR_EE\02_EVAL_ENVIRO\DD\DD 108789 - B4-B5 - CFF
CT;2021-05-04 00:00:00;DD;108838;Genève;S:\UO5196\50_SERMA\04_SECTEUR_EE\02_EVAL_ENVIRO\DD\DD 108838 - Bâtiment A1 + galerie commerciale
;2020-07-10 00:00:00;DD;108839; -;S:\UO5196\50_SERMA\04_SECTEUR_EE\02_EVAL_ENVIRO\DD\DD 108839 Bâtiment A2
ASC;;DD;109025; Meyrin;S:\UO5196\50_SERMA\04_SECTEUR_EE\02_EVAL_ENVIRO\DD\DD 109025 Swiss recycling
GW;;DD;109115;Lancy;S:\UO5196\50_SERMA\04_SECTEUR_EE\02_EVAL_ENVIRO\DD\DD 109115 Adret Lot A
GW;;DD;109116;Lancy;S:\UO5196\50_SERMA\04_SECTEUR_EE\02_EVAL_ENVIRO\DD\DD 109116 Adret Lot B&C
GW;;DD;109118;Lancy;S:\UO5196\50_SERMA\04_SECTEUR_EE\02_EVAL_ENVIRO\DD\DD 109118 Adret Centrale Alpiq
WV;;DD;109169;eaux-vives;S:\UO5196\50_SERMA\04_SECTEUR_EE\02_EVAL_ENVIRO\DD\DD 109169 - Plage et port des eaux vives 2016
ASC;;DD;109274;Satigny;S:\UO5196\50_SERMA\04_SECTEUR_EE\02_EVAL_ENVIRO\DD\DD 109274 Réam agricole et amél foncière
ASC;;DD;109339;Vernier;
AM;;DD;109431;Plan-les-Ouates;S:\UO5196\50_SERMA\04_SECTEUR_EE\02_EVAL_ENVIRO\DD\DD 109431 issus PLQ les Sciers
ASC;;DD;109503;Pregny Chambésy;S:\UO5196\50_SERMA\04_SECTEUR_EE\02_EVAL_ENVIRO\DD\DD 109503 Extension siège OMS
ASC;2022-07-21 00:00:00;DD;109535;Satigny;S:\UO5196\50_SERMA\04_SECTEUR_EE\02_EVAL_ENVIRO\DD\DD 109535 Sogetri SA
GW;;DD;109707;Onex Lancy;S:\UO5196\50_SERMA\04_SECTEUR_EE\02_EVAL_ENVIRO\DD\DD 109707 Pré-Longet Espaces publcis communaux
GW;;DD;109733;Onex  ;S:\UO5196\50_SERMA\04_SECTEUR_EE\02_EVAL_ENVIRO\DD\DD 109733 Pré-Longet Immeuble I
CT;2025-10-29 00:00:00;DD;109745;Grand-Saconnex;S:\UO5196\50_SERMA\04_SECTEUR_EE\02_EVAL_ENVIRO\DD\DD 109745 GeniLac
AL;;DD;109755;Satigny;S:\UO5196\50_SERMA\04_SECTEUR_EE\02_EVAL_ENVIRO\DD\DD 109755 Pré-Bouvier Parking mutualisé Satigny
DL;;DD;109796;Vernier;S:\UO5196\50_SERMA\04_SECTEUR_EE\02_EVAL_ENVIRO\DD\DD 109796 Europcar Vernier
DL;;DD;109971;Satigny;S:\UO5196\50_SERMA\04_SECTEUR_EE\02_EVAL_ENVIRO\DD\DD 109971 Firmenich bât 41
CT;;DD;110122;Genève;S:\UO5196\50_SERMA\04_SECTEUR_EE\02_EVAL_ENVIRO\DD\DD 110122 - Eaux-Vives Espaces publiques
ASC;;DD;110186;Thônex;S:\UO5196\50_SERMA\04_SECTEUR_EE\02_EVAL_ENVIRO\DD\DD 110186 Etienne Chennaz
CT;;DD;110238;Genève;S:\UO5196\50_SERMA\04_SECTEUR_EE\02_EVAL_ENVIRO\DD\DD 110238 Parking Clé de Rive
CT;;DD;110239;Genève;S:\UO5196\50_SERMA\04_SECTEUR_EE\02_EVAL_ENVIRO\DD\DD 110239 Espace publics Clé de Rive
FST;2024-09-20 00:00:00;DD;110263;Pregny-Chambésy;S:\UO5196\50_SERMA\04_SECTEUR_EE\02_EVAL_ENVIRO\DD\DD 110263 - Station de pompage le Vengeron - Parking voitures et bateaux
GW;;DD;110450;Aire-la-Ville;S:\UO5196\50_SERMA\04_SECTEUR_EE\02_EVAL_ENVIRO\DD\DD 110450 Cheneviers Transfo bât val nrj
AM;;DD;110454;Plan-les-Ouates;S:\UO5196\50_SERMA\04_SECTEUR_EE\02_EVAL_ENVIRO\DD\DD 110454 batiment G les Sciers
AM;;DD;110475;Plan-les-Ouates;S:\UO5196\50_SERMA\04_SECTEUR_EE\02_EVAL_ENVIRO\DD\DD 110475 8 immeubles issus les Sciers
AM;;DD;110515;Plan-les-Ouates;S:\UO5196\50_SERMA\04_SECTEUR_EE\02_EVAL_ENVIRO\DD\DD 110515 batiment K issu PLQ les Sciers
GW;;DD;110580;Lancy;S:\UO5196\50_SERMA\04_SECTEUR_EE\02_EVAL_ENVIRO\DD\DD 110580 Chemin de l'Adret
CT;2022-10-25 00:00:00;DD;110757;Thônex;S:\UO5196\50_SERMA\04_SECTEUR_EE\02_EVAL_ENVIRO\DD\DD 110757 - Station épuration Villette
;2020-09-18 00:00:00;DD;110807;Thônex;S:\UO5196\50_SERMA\04_SECTEUR_EE\02_EVAL_ENVIRO\DD\DD 110807 MICA groupe scolaire
GW;;DD;110822;Lancy;S:\UO5196\50_SERMA\04_SECTEUR_EE\02_EVAL_ENVIRO\DD\DD 110822 Lots D+E
GW;;DD;110823;Lancy;S:\UO5196\50_SERMA\04_SECTEUR_EE\02_EVAL_ENVIRO\DD\DD 110823 L13 Adret
GW;2020-06-16 00:00:00;DD;110860;Plan-les-Ouates;S:\UO5196\50_SERMA\04_SECTEUR_EE\02_EVAL_ENVIRO\DD\DD 110860 les Sciers
AM;;DD;110865;Plan-les-Ouates;S:\UO5196\50_SERMA\04_SECTEUR_EE\02_EVAL_ENVIRO\DD\DD 110865 issue PLQ les Sciers batiment H
GW;2024-02-28 00:00:00;DD;110942;Troinex;S:\UO5196\50_SERMA\04_SECTEUR_EE\02_EVAL_ENVIRO\DD\DD 110942 Les Crêts Troinex
ASC;;DD;111064;Vernier;S:\UO5196\50_SERMA\04_SECTEUR_EE\02_EVAL_ENVIRO\DD\DD 111064 plateforme logistique Etang
GW;;DD;111066;Lancy;S:\UO5196\50_SERMA\04_SECTEUR_EE\02_EVAL_ENVIRO\DD\DD 111066 Surville rampe
GW;;DD;111067;Lancy;S:\UO5196\50_SERMA\04_SECTEUR_EE\02_EVAL_ENVIRO\DD\DD 111067 Bât 13 Surville
GW;;DD;111068;Lancy;S:\UO5196\50_SERMA\04_SECTEUR_EE\02_EVAL_ENVIRO\DD\DD 111068 Bât 15 Surville
CT;2021-11-15 00:00:00;DD;111072;;S:\UO5196\50_SERMA\04_SECTEUR_EE\02_EVAL_ENVIRO\DD\DD 111072 - Lot F (Gare des Eaux-Vives)
GW;;DD;111270;Lancy;S:\UO5196\50_SERMA\04_SECTEUR_EE\02_EVAL_ENVIRO\DD\DD 111270 Collecteurs secondaires Adret Merinos
DL;;DD;111285;Grand-Saconnex;S:\UO5196\50_SERMA\04_SECTEUR_EE\02_EVAL_ENVIRO\DD\DD 111285 COE activités
DL;;DD;111286;Grand-Saconnex;S:\UO5196\50_SERMA\04_SECTEUR_EE\02_EVAL_ENVIRO\DD\DD 111286 COE parking souterrain
DL;;DD;111288;Grand-Saconnex;S:\UO5196\50_SERMA\04_SECTEUR_EE\02_EVAL_ENVIRO\DD\DD 111288 COE logements
CT;2020-02-12 00:00:00;DD;111308;Genève;S:\UO5196\50_SERMA\04_SECTEUR_EE\02_EVAL_ENVIRO\DD\DD 111308 Vernets  Bâtiment A
GW;2022-09-06 00:00:00;DD;111309;Genève;S:\UO5196\50_SERMA\04_SECTEUR_EE\02_EVAL_ENVIRO\DD\DD 111309 Vernets Bâtiment B
GW;2025-01-31 00:00:00;DD;111310;Genève;S:\UO5196\50_SERMA\04_SECTEUR_EE\02_EVAL_ENVIRO\DD\DD 111310 Vernets  Bâtiment C
GW;2020-02-12 00:00:00;DD;111311;Genève;S:\UO5196\50_SERMA\04_SECTEUR_EE\02_EVAL_ENVIRO\DD\DD 111311 Vernets Bâtiment D
CT;2020-02-12 00:00:00;DD;111312;Genève;S:\UO5196\50_SERMA\04_SECTEUR_EE\02_EVAL_ENVIRO\DD\DD 111312 Vernets Espaces extérieurs
GW;;DD;111479;;S:\UO5196\50_SERMA\04_SECTEUR_EE\02_EVAL_ENVIRO\DD\DD 111479 Parc Ferme MAP
WV;2020-01-16 00:00:00;DD;111490;Plan-les-Ouates;S:\UO5196\50_SERMA\04_SECTEUR_EE\02_EVAL_ENVIRO\DD\DD 111490_BRACCO
ASC;;DD;111541;Vernier;S:\UO5196\50_SERMA\04_SECTEUR_EE\02_EVAL_ENVIRO\DD\DD 111541 Pont métallique prétroliers Vernier
ASC;;DD;111556;Vernier;S:\UO5196\50_SERMA\04_SECTEUR_EE\02_EVAL_ENVIRO\DD\DD 111556 Etang groupe scolaire
DL;;DD;111563;Satigny;S:\UO5196\50_SERMA\04_SECTEUR_EE\02_EVAL_ENVIRO\DD\DD 111563 Firmenich - Entrepot et laboratoires
DL;;DD;111592;Bellevue;S:\UO5196\50_SERMA\04_SECTEUR_EE\02_EVAL_ENVIRO\DD\DD 111592 Champ du chateau - Travaux préparatoires
GW;2021-02-04 00:00:00;DD;111620;;S:\UO5196\50_SERMA\04_SECTEUR_EE\02_EVAL_ENVIRO\DD\DD 111620 Cheneviers IV
CT;;DD;111631;Cologny;S:\UO5196\50_SERMA\04_SECTEUR_EE\02_EVAL_ENVIRO\DD\DD 111631 Société Nautique GE - citerne de carburant - Cologny
ASC;2020-02-25 00:00:00;DD;111662;Bernex;S:\UO5196\50_SERMA\04_SECTEUR_EE\02_EVAL_ENVIRO\DD\St-Mathieu - DD 111778 et DD 111662
DL;;DD;111671;Genève;S:\UO5196\50_SERMA\04_SECTEUR_EE\02_EVAL_ENVIRO\DD\DD 111671  Génilac Turretini-Seujet
AM;;DD;111739;Plan-les-Ouates;S:\UO5196\50_SERMA\04_SECTEUR_EE\02_EVAL_ENVIRO\DD\DD 111739 Les Sciers
DL;2020-02-14 00:00:00;DD;111778;Bernex;S:\UO5196\50_SERMA\04_SECTEUR_EE\02_EVAL_ENVIRO\DD\St-Mathieu - DD 111778 et DD 111662
DL;2020-01-21 00:00:00;DD;111802;Genève;S:\UO5196\50_SERMA\04_SECTEUR_EE\02_EVAL_ENVIRO\DD\DD 111802 Vernets Exutoire
DL;2020-02-17 00:00:00;DD;111863;Lancy ;S:\UO5196\50_SERMA\04_SECTEUR_EE\02_EVAL_ENVIRO\DD\DD 111863 Surville Immeubles 3-4-5
;2020-07-09 00:00:00;DD;111874; -;S:\UO5196\50_SERMA\04_SECTEUR_EE\02_EVAL_ENVIRO\DD\DD 111874 Champ du Chateau - Immeuble et parking
CT;;DD;111939;Genève;S:\UO5196\50_SERMA\04_SECTEUR_EE\02_EVAL_ENVIRO\DD\DD 111939 Forage Geo-02 geothermie 2020
DL;;DD;111996;Dardagny;S:\UO5196\50_SERMA\04_SECTEUR_EE\02_EVAL_ENVIRO\DD\DD 111996 Firmenich - Groupe froid
GW;;DD;112116;Lancy;S:\UO5196\50_SERMA\04_SECTEUR_EE\02_EVAL_ENVIRO\DD\DD 112116 Bât B3 Adret
CT;2022-03-29 00:00:00;DD;112184;Genève;S:\UO5196\50_SERMA\04_SECTEUR_EE\02_EVAL_ENVIRO\DD\DD 112184 Axe de Frontenex
;;DD;112192; -;
ASC;2021-09-13 00:00:00;DD;112215;;S:\UO5196\50_SERMA\04_SECTEUR_EE\02_EVAL_ENVIRO\DD\DD 112215 Vieusseux bâtiment F
CT;2021-12-16 00:00:00;DD;112230;;S:\UO5196\50_SERMA\04_SECTEUR_EE\02_EVAL_ENVIRO\DD\DD 112230 - Aménagements extérieurs (ZDIA Pallanterie Sud)
AM;2020-01-30 00:00:00;DD;112237;Lancy;S:\UO5196\50_SERMA\04_SECTEUR_EE\02_EVAL_ENVIRO\DD\DD 112237 Esplanade Pont Rouge B2
DL;;DD;112320;;S:\UO5196\50_SERMA\04_SECTEUR_EE\02_EVAL_ENVIRO\DD\DD 112320 Champ du Chateau - Collecteurs
DL;;DD;112353;Dardagny;S:\UO5196\50_SERMA\04_SECTEUR_EE\02_EVAL_ENVIRO\DD\DD 112353 - Firmenich - Local électrique
AM;2020-01-16 00:00:00;DD;112360;Thonex;S:\UO5196\50_SERMA\04_SECTEUR_EE\02_EVAL_ENVIRO\DD\DD 112360 - 3 Immeubles Louis Valencien - Thonex
AM;2022-04-13 00:00:00;DD;112535;Carouge;S:\UO5196\50_SERMA\04_SECTEUR_EE\02_EVAL_ENVIRO\DD\DD 112535 carroll Lewis
CT;2020-04-15 00:00:00;DD;112591;Bernex;S:\UO5196\50_SERMA\04_SECTEUR_EE\02_EVAL_ENVIRO\DD\DD 112591 Îlot A St-Mathieu
CT;2021-02-09 00:00:00;DD;112697;Genève;S:\UO5196\50_SERMA\04_SECTEUR_EE\02_EVAL_ENVIRO\DD\DD 112697 - Lot BC - Gare des EV
DL;;DD;112709;Vernier;S:\UO5196\50_SERMA\04_SECTEUR_EE\02_EVAL_ENVIRO\DD\DD 112709 - Orllati
ASC;2020-01-24 00:00:00;DD;112781;Dardagny;S:\UO5196\50_SERMA\04_SECTEUR_EE\02_EVAL_ENVIRO\DD\DD 112781 - Firmenich - La Plaine - Lutte contre les crues
AM;2022-05-17 00:00:00;DD;112790;Lancy;S:\UO5196\50_SERMA\04_SECTEUR_EE\02_EVAL_ENVIRO\DD\DD 112790 erreur aiguillage projet renvoye OAC
ASC;;DD;112809;Bellevue;S:\UO5196\50_SERMA\04_SECTEUR_EE\02_EVAL_ENVIRO\DD\DD 112809 - GICORD
DL;2021-03-16 00:00:00;DD;112906;Bellevue;S:\UO5196\50_SERMA\04_SECTEUR_EE\02_EVAL_ENVIRO\DD\DD 112906 Lombard Odier Aménagements paysagers
FST;2024-04-18 00:00:00;DD;112907;Bellevue;S:\UO5196\50_SERMA\04_SECTEUR_EE\02_EVAL_ENVIRO\DD\DD 112907 Lombard Odier Bâtiment et parking
ASC;2021-04-22 00:00:00;DD;112920;;S:\UO5196\50_SERMA\04_SECTEUR_EE\02_EVAL_ENVIRO\DD\DD 112920 Carroll Lewis
CT;2002-07-10 00:00:00;DD;112962;Thônex;S:\UO5196\50_SERMA\04_SECTEUR_EE\02_EVAL_ENVIRO\DD\DD 112962 - Etienne Chennaz
ASC;2025-09-10 00:00:00;DD;112983;Bellevue;S:\UO5196\50_SERMA\04_SECTEUR_EE\02_EVAL_ENVIRO\DD\DD 112983 Déplacement P+R Champ du Chateau - Bellevue
CT;2022-02-01 00:00:00;DD;112992;Veyrier;S:\UO5196\50_SERMA\04_SECTEUR_EE\02_EVAL_ENVIRO\DD\DD 112992 - Ferme - Grands Esserts
ASC;2021-01-19 00:00:00;DD;113041;Meyrin;S:\UO5196\50_SERMA\04_SECTEUR_EE\02_EVAL_ENVIRO\DD\DD 113041 Meyrin Parking provisoire
ASC;2023-02-28 00:00:00;DD;113042;Meyrin;S:\UO5196\50_SERMA\04_SECTEUR_EE\02_EVAL_ENVIRO\DD\DD 113042 - Parking P1 - Coeur de Cité - Meyrin
GW;2020-01-29 00:00:00;DD;113078;St-Julien;
CT;2023-06-07 00:00:00;DD;113179;Chêne-Bourg;S:\UO5196\50_SERMA\04_SECTEUR_EE\02_EVAL_ENVIRO\DD\DD 113179 - Immeuble hotel Chêne-Bourg
ASC;2025-01-14 00:00:00;DD;113195;Vernier;S:\UO5196\50_SERMA\04_SECTEUR_EE\02_EVAL_ENVIRO\DD\DD 113195 - Hôtel Pointe du Bouchet
CT;2021-04-06 00:00:00;DD;113299;Veyrier;S:\UO5196\50_SERMA\04_SECTEUR_EE\02_EVAL_ENVIRO\DD\DD 113299 - Maison de Vessy - Grands Esserts
FST;2025-02-11 00:00:00;DD;113357;Veyrier;S:\UO5196\50_SERMA\04_SECTEUR_EE\02_EVAL_ENVIRO\DD\DD 113357 - BHNS - Tronçon n°3 « route de Veyrier »
ASC;2020-03-03 00:00:00;DD;113381;Confignon;S:\UO5196\50_SERMA\04_SECTEUR_EE\02_EVAL_ENVIRO\DD\DD 113381 - BR Le Paradis - Confignon
GW;2023-05-03 00:00:00;DD;113410;Genève;S:\UO5196\50_SERMA\04_SECTEUR_EE\02_EVAL_ENVIRO\DD\DD 113410 Centrale d'échanges thermiques Projet Vernets
;2020-07-09 00:00:00;DD;113541;Dardagny;S:\UO5196\50_SERMA\04_SECTEUR_EE\02_EVAL_ENVIRO\DD\DD 113541 - Firmenich La Plaine - RTO
MBA;2025-03-27 00:00:00;DD;113572;Lancy;S:\UO5196\50_SERMA\04_SECTEUR_EE\02_EVAL_ENVIRO\DD\DD 113572_2 Ellipse 2 Surville Bât 2
DL;2021-08-17 00:00:00;DD;113637;Bellevue;S:\UO5196\50_SERMA\04_SECTEUR_EE\02_EVAL_ENVIRO\DD\DD 113637 - Champ du Château - Aménagements extérieurs
GW;2021-08-25 00:00:00;DD;113684;Chancy;S:\UO5196\50_SERMA\04_SECTEUR_EE\02_EVAL_ENVIRO\RAE\RAE 407-191 avec DD 113684 - Au Meuron
CT;2021-11-04 00:00:00;DD;113738;Veyrier;S:\UO5196\50_SERMA\04_SECTEUR_EE\02_EVAL_ENVIRO\DD\DD 113738 - Remplacement d’une centrale béton - Veyrier
GW;2022-04-26 00:00:00;DD;113887;Carouge;S:\UO5196\50_SERMA\04_SECTEUR_EE\02_EVAL_ENVIRO\DD\DD 113887 - îlot B PLQ PAV Etoile 1
GW;2022-02-01 00:00:00;DD;113909;Lancy;S:\UO5196\50_SERMA\04_SECTEUR_EE\02_EVAL_ENVIRO\DD\DD 113909 - Ellipse 1 Surville Bât 1 - Lancy
GW;2022-05-10 00:00:00;DD;113960;Lancy;S:\UO5196\50_SERMA\04_SECTEUR_EE\02_EVAL_ENVIRO\DD\DD 113960 Ch. des Erables Lancy
CT;2021-02-17 00:00:00;DD;113964;Thônex;S:\UO5196\50_SERMA\04_SECTEUR_EE\02_EVAL_ENVIRO\DD\DD 113964 - Pav. Jardiniers - Communaux d'Ambilly - Thônex
GW;2022-05-10 00:00:00;DD;113980;Lancy;S:\UO5196\50_SERMA\04_SECTEUR_EE\02_EVAL_ENVIRO\DD\DD 113980 Surville bat 7
ASC;2023-05-04 00:00:00;DD;114020;Plan-les-Ouates;S:\UO5196\50_SERMA\04_SECTEUR_EE\02_EVAL_ENVIRO\DD\DD 114020 Sciers Bistoquette
AM;2022-05-24 00:00:00;DD;114024;Plan-les-Ouates;S:\UO5196\50_SERMA\04_SECTEUR_EE\02_EVAL_ENVIRO\DD\DD 114024 Poulailler plan les Ouates
ASC;2022-01-13 00:00:00;DD;114031;Céligny;S:\UO5196\50_SERMA\04_SECTEUR_EE\02_EVAL_ENVIRO\DD\DD 114031 Agrandissement Halle à poules Céligny
DL;2021-06-01 00:00:00;DD;114143;Satigny;S:\UO5196\50_SERMA\04_SECTEUR_EE\02_EVAL_ENVIRO\DD\DD 114143 - RAE 07-130 - SRREC - Bois-de-Bay Satigny
RFSCH;2022-06-21 00:00:00;DD;114183;Satigny;S:\UO5196\50_SERMA\04_SECTEUR_EE\02_EVAL_ENVIRO\DD\DD 114183 - RAE 21-308 - Jaquier SA - Satigny
ASC;2022-04-05 00:00:00;DD;114198;Bellevue;S:\UO5196\50_SERMA\04_SECTEUR_EE\02_EVAL_ENVIRO\DD\DD 114198 - Site Vengeron - Bellevue-Pregny-Chambésy
AM;2022-02-28 00:00:00;DD;114210;Onex;S:\UO5196\50_SERMA\04_SECTEUR_EE\02_EVAL_ENVIRO\DD\DD 114210 Servette Evaux Onex
AM;2022-02-28 00:00:00;DD;114213;Onex;S:\UO5196\50_SERMA\04_SECTEUR_EE\02_EVAL_ENVIRO\DD\DD 114213 Genève Servette
AM;2021-12-23 00:00:00;DD;114219;;S:\UO5196\50_SERMA\04_SECTEUR_EE\02_EVAL_ENVIRO\RAE\RAE 414-201 et DD 114219 - HOLCIM - Laconnex
ASC;2022-01-21 00:00:00;DD;114240;Vernier;S:\UO5196\50_SERMA\04_SECTEUR_EE\02_EVAL_ENVIRO\DD\DD 114240 - Passerelle MD Etang (Vernier)
ASC;2022-06-27 00:00:00;DD;114264;Meyrin;S:\UO5196\50_SERMA\04_SECTEUR_EE\02_EVAL_ENVIRO\DD\DD 114264 - Gravière d'Epeisses - Meyrin
AM;2021-03-12 00:00:00;DD;311472;;S:\UO5196\50_SERMA\04_SECTEUR_EE\02_EVAL_ENVIRO\DD\DD 311472 - 1 aménagement labo Genève
CT;2022-06-07 00:00:00;DD;313424;Intercommunal;S:\UO5196\50_SERMA\04_SECTEUR_EE\02_EVAL_ENVIRO\DD\DD 313424 - Genilac - Pose de nouvelles conduites lacustres
MBA;2025-03-31 00:00:00;DD;313547;Plan-les-Ouates;S:\UO5196\50_SERMA\04_SECTEUR_EE\02_EVAL_ENVIRO\DD\DD 313547 - Groupe scolaire - Plan-les-Ouates
CT;2025-04-14 00:00:00;DD;313741;Anières;S:\UO5196\50_SERMA\04_SECTEUR_EE\02_EVAL_ENVIRO\DD\DD 313741 - CAD Anières - Station pompage et conduites lac (part. 2)
CT;2025-12-02 00:00:00;DD;313743;Anières;S:\UO5196\50_SERMA\04_SECTEUR_EE\02_EVAL_ENVIRO\DD\DD 313743 - CAD Anières - réseau terrestre (part. 1)
GW;2021-06-30 00:00:00;DD;314245;;
ASC;2026-10-09 00:00:00;DD;314849;Grand-Saconnex;S:\UO5196\50_SERMA\04_SECTEUR_EE\02_EVAL_ENVIRO\DD\DD 314849 - COE - Grand-Saconnex
ASC;2023-06-06 00:00:00;DD;315149;Vernier;
GW;2021-08-19 00:00:00;DD;315304;Bernex;S:\UO5196\50_SERMA\04_SECTEUR_EE\02_EVAL_ENVIRO\DD\DD 315304 - SIG - Remplacement cogénérateur - Bernex
 -;2023-11-21 00:00:00;DD;315411;Meyrin;
GW;2024-06-03 00:00:00;DD;315953;Bardonnex;S:\UO5196\50_SERMA\04_SECTEUR_EE\02_EVAL_ENVIRO\DD\DD 315953 bâtiment de stockage et administratif Bardonnex
CT;2021-12-16 00:00:00;DD;316046;Thônex;S:\UO5196\50_SERMA\04_SECTEUR_EE\02_EVAL_ENVIRO\DD\DD 316046 - Connexion Voie Verte - Ch. de la Mousse
FST;2025-05-19 00:00:00;DD;316500;Lancy;S:\UO5196\50_SERMA\04_SECTEUR_EE\02_EVAL_ENVIRO\DD\DD 316500 Ducret PAV
GW;2023-02-01 00:00:00;DD;316675;Genève;S:\UO5196\50_SERMA\04_SECTEUR_EE\02_EVAL_ENVIRO\DD\DD 316675 Ecole Vernets
PPH;2021-11-26 00:00:00;DD;316741;Lancy;
AM;2022-02-02 00:00:00;DD;316751;Plan-les-Ouates;S:\UO5196\50_SERMA\04_SECTEUR_EE\02_EVAL_ENVIRO\DD\DD 316751 Rolliet voiries communales
GW;2023-12-21 00:00:00;DD;317350;Plan-les-Ouates;S:\UO5196\50_SERMA\04_SECTEUR_EE\02_EVAL_ENVIRO\DD\DD 317350 Route accès Sciers
ASC;2023-02-16 00:00:00;DD;317457;Meyrin;S:\UO5196\50_SERMA\04_SECTEUR_EE\02_EVAL_ENVIRO\DD\DD 317457 Voie verte d'agglomération - secteur 2
GW;2023-05-15 00:00:00;DD;317468;Onex;S:\UO5196\50_SERMA\04_SECTEUR_EE\02_EVAL_ENVIRO\DD\DD 317468 Pré-Longet
GW;2022-03-25 00:00:00;DD;317802;Carouge;S:\UO5196\50_SERMA\04_SECTEUR_EE\02_EVAL_ENVIRO\DD\DD 317802
ASC;2025-10-02 00:00:00;DD;318582;Meyrin;S:\UO5196\50_SERMA\04_SECTEUR_EE\02_EVAL_ENVIRO\DD\DD 318582 BHNS-GVZ secteur 1
ASC;2025-01-27 00:00:00;DD;318583;Vernier;S:\UO5196\50_SERMA\04_SECTEUR_EE\02_EVAL_ENVIRO\DD\DD 318583 BHNS-GVZ secteur 2
GW;2023-06-06 00:00:00;DD;319060;Vernier;S:\UO5196\50_SERMA\04_SECTEUR_EE\02_EVAL_ENVIRO\DD\DD 319060 Extension de la station d'épuration d'Aïre
RFSCH;2022-08-15 00:00:00;DD;319529;Genève;S:\UO5196\50_SERMA\04_SECTEUR_EE\02_EVAL_ENVIRO\DD\DD 319529 Entretien et renforcement du Débarcadère «12 Pâquis »
CT;2022-06-21 00:00:00;DD;319551;Vernier;S:\UO5196\50_SERMA\04_SECTEUR_EE\02_EVAL_ENVIRO\DD\DD 319551 Ebiox Plateforme rail-route Bois-des-Frères
GW;2024-04-29 00:00:00;DD;319710;Plan-les-Ouates;S:\UO5196\50_SERMA\04_SECTEUR_EE\02_EVAL_ENVIRO\DD\DD 319710 construction de 2 barres de logements plan les ouates
ASC;2025-11-20 00:00:00;DD;321052;Plan-les-Ouates;S:\UO5196\50_SERMA\04_SECTEUR_EE\02_EVAL_ENVIRO\DD\DD 321052 38 logements Rolliet plan les ouates
MCO;2025-02-27 00:00:00;DD;321059;Vernier;S:\UO5196\50_SERMA\04_SECTEUR_EE\02_EVAL_ENVIRO\DD\DD 321059 - Installation du halle de traitement par venting bioremédiation
FST;2024-05-15 00:00:00;DD;321404;Veyrier;S:\UO5196\50_SERMA\04_SECTEUR_EE\02_EVAL_ENVIRO\DD\DD 321404 Beaux-Champs
ASC;2023-01-23 00:00:00;DD;321766;Vernier;S:\UO5196\50_SERMA\04_SECTEUR_EE\02_EVAL_ENVIRO\DD\DD 321766 Parc Etang
GW;2025-03-24 00:00:00;DD;322211;Bardonnex;S:\UO5196\50_SERMA\04_SECTEUR_EE\02_EVAL_ENVIRO\DD\DD 322211 PLQ La Mure
MCO;2022-12-16 00:00:00;DD;322219;Lancy;S:\UO5196\50_SERMA\04_SECTEUR_EE\02_EVAL_ENVIRO\DD\DD 322219 - Pont-Butin 14 - Bât industriel - Lancy
ASC;2022-10-21 00:00:00;DD;322336;Genève;S:\UO5196\50_SERMA\04_SECTEUR_EE\02_EVAL_ENVIRO\DD\DD 322336 Création roselière
FST;2024-04-18 00:00:00;DD;322378;Bellevue;S:\UO5196\50_SERMA\04_SECTEUR_EE\02_EVAL_ENVIRO\DD\DD 322378 rampe logistique Champ-du-Château
ASC;2022-09-29 00:00:00;DD;322419;Satigny;S:\UO5196\50_SERMA\04_SECTEUR_EE\02_EVAL_ENVIRO\DD\DD 322419 parking - photovoltaïque
CT;2025-10-30 00:00:00;DD;322685;Thônex;S:\UO5196\50_SERMA\04_SECTEUR_EE\02_EVAL_ENVIRO\DD\DD 322685 Caran d'Ache
GW;2024-05-24 00:00:00;DD;322940;Bardonnex;S:\UO5196\50_SERMA\04_SECTEUR_EE\02_EVAL_ENVIRO\DD\DD 322940 PLQ La Mure
ASC;2023-03-21 00:00:00;DD;323219;Vernier;S:\UO5196\50_SERMA\04_SECTEUR_EE\02_EVAL_ENVIRO\DD\DD 323219 VVA-RD - secteur 1
MCO;2024-06-06 00:00:00;DD;323240;Onex;S:\UO5196\50_SERMA\04_SECTEUR_EE\02_EVAL_ENVIRO\DD\DD 323240 - Esplanade des Rencontres 15
MCO;2024-04-29 00:00:00;DD;323365;Bardonnex;S:\UO5196\50_SERMA\04_SECTEUR_EE\02_EVAL_ENVIRO\DD\DD 323365 PLQ 30081_La Mûre
GW;2023-02-13 00:00:00;DD;323382;Lancy;S:\UO5196\50_SERMA\04_SECTEUR_EE\02_EVAL_ENVIRO\DD\DD 323382 SOGESTRI La Praille
GW;2023-02-10 00:00:00;DD;323422;Bernex;S:\UO5196\50_SERMA\04_SECTEUR_EE\02_EVAL_ENVIRO\DD\DD 323422 Sous-Bernex
CT;2023-04-13 00:00:00;DD;323857;Veyrier;S:\UO5196\50_SERMA\04_SECTEUR_EE\02_EVAL_ENVIRO\DD\DD 323857 Centre sportif de Vessy
GW;2025-06-23 00:00:00;DD;324097;Carouge;S:\UO5196\50_SERMA\04_SECTEUR_EE\02_EVAL_ENVIRO\DD\DD 324097 Drize Acacias
CT;2024-01-31 00:00:00;DD;325615;Genève;S:\UO5196\50_SERMA\04_SECTEUR_EE\02_EVAL_ENVIRO\DD\DD 325615 Conduites Génilac de transport et de rejet d'eau (tronçon Rhône-Rue du Grütli)
ASC;2023-04-11 00:00:00;DD;325730;Genève;
GW;2024-01-31 00:00:00;DD;325748;Bernex;S:\UO5196\50_SERMA\04_SECTEUR_EE\02_EVAL_ENVIRO\DD\DD 325748 Caran d'Ache
MCO;2023-05-17 00:00:00;DD;325760;Meyrin;S:\UO5196\50_SERMA\04_SECTEUR_EE\02_EVAL_ENVIRO\DD\DD 325760 Agrandissement d'une station de gaz naturel carburant
CT;2023-08-16 00:00:00;DD;325784;Versoix;S:\UO5196\50_SERMA\04_SECTEUR_EE\02_EVAL_ENVIRO\DD\DD 325784 CODHA Pont-Céard
ASC;2025-03-06 00:00:00;DD;326521;Intercommunal;S:\UO5196\50_SERMA\04_SECTEUR_EE\02_EVAL_ENVIRO\DD\DD 326521 BHNS-GVZ secteur 4 et 5
FST;2023-07-27 00:00:00;DD;326531;Satigny;S:\UO5196\50_SERMA\04_SECTEUR_EE\02_EVAL_ENVIRO\DD\DD 326531 Biogaz Mandement
CT;2024-01-31 00:00:00;DD;326812;Plan-les-Ouates;S:\UO5196\50_SERMA\04_SECTEUR_EE\02_EVAL_ENVIRO\DD\DD 326812 Construction bâtiment logement
MBA;2025-01-30 00:00:00;DD;326954;Plan-les-Ouates;S:\UO5196\50_SERMA\04_SECTEUR_EE\02_EVAL_ENVIRO\DD\DD 326954 EMS
ASC;2023-06-27 00:00:00;DD;327110;Genève;
MCO;2023-09-28 00:00:00;DD;327276;Vernier;S:\UO5196\50_SERMA\04_SECTEUR_EE\02_EVAL_ENVIRO\DD\DD 327276 Halle de recyclage des gravats
MCO;2024-02-28 00:00:00;DD;327282;Vernier;S:\UO5196\50_SERMA\04_SECTEUR_EE\02_EVAL_ENVIRO\DD\DD 327282 Passerelle de l'Etang
FST;2024-02-20 00:00:00;DD;327399;Plan-les-Ouates;S:\UO5196\50_SERMA\04_SECTEUR_EE\02_EVAL_ENVIRO\DD\DD 327399
MCO;2024-09-19 00:00:00;DD;327605;Meyrin;S:\UO5196\50_SERMA\04_SECTEUR_EE\02_EVAL_ENVIRO\DD\DD 327605 Aménagements routiers route de Satigny (Mesures connexes barreau Mt-Fleury)
MCO;2023-07-24 00:00:00;DD;327616;Satigny;S:\UO5196\50_SERMA\04_SECTEUR_EE\02_EVAL_ENVIRO\DD\DD 327616 Régularisation I-6484 - FTI - Satigny
ASC;2024-04-22 00:00:00;DD;327655;Meyrin;S:\UO5196\50_SERMA\04_SECTEUR_EE\02_EVAL_ENVIRO\DD\DD 327655 Construction d'une mairie Meyrin
MCO;2024-02-07 00:00:00;DD;327724;Genève;S:\UO5196\50_SERMA\04_SECTEUR_EE\02_EVAL_ENVIRO\DD\DD 327724 Avenue de l'Ain
MCO;2024-06-26 00:00:00;DD;327734;Genève;S:\UO5196\50_SERMA\04_SECTEUR_EE\02_EVAL_ENVIRO\DD\DD 327734 Passerelle piétonne Quai Mont-Blanc
MBA;2024-02-19 00:00:00;DD;327839;Plan-les-Ouates;S:\UO5196\50_SERMA\04_SECTEUR_EE\02_EVAL_ENVIRO\DD\DD 327839 Plan-les-Ouates
MBA;2025-05-15 00:00:00;DD;328081;Confignon;S:\UO5196\50_SERMA\04_SECTEUR_EE\02_EVAL_ENVIRO\DD\DD 328081_2 Modification Batiment industriel Confignon
MCO;2023-10-12 00:00:00;DD;328217;Onex;S:\UO5196\50_SERMA\04_SECTEUR_EE\02_EVAL_ENVIRO\DD\DD 328217 Renaturation Pont-du-Centenaire Onex
CT;2024-05-31 00:00:00;DD;328327;Genève;S:\UO5196\50_SERMA\04_SECTEUR_EE\02_EVAL_ENVIRO\DD\DD 328327 GENILAC STAE-PAV
CT;2025-10-03 00:00:00;DD;328328;Genève;S:\UO5196\50_SERMA\04_SECTEUR_EE\02_EVAL_ENVIRO\DD\DD 328328 GENILAC STAE-PAV Variante approfondie
MCO;2024-02-26 00:00:00;DD;328391;Bernex;S:\UO5196\50_SERMA\04_SECTEUR_EE\02_EVAL_ENVIRO\DD\DD 328391 Boulevard Abarois
FST;;DD;328394;Satigny;S:\UO5196\50_SERMA\04_SECTEUR_EE\02_EVAL_ENVIRO\DD\DD 328394 GESA-tranchée couverte
FST;;DD;328395;Satigny;S:\UO5196\50_SERMA\04_SECTEUR_EE\02_EVAL_ENVIRO\DD\DD 328395 GESA-bande transporteuse aérienne
MBA;2024-02-09 00:00:00;DD;328417;Genève;
MBA;2025-08-11 00:00:00;DD;328782;Grand-Saconnex;S:\UO5196\50_SERMA\04_SECTEUR_EE\02_EVAL_ENVIRO\DD\DD 328782 Construction d'un nouvel immeuble Grand-Sac
MBA;2024-05-30 00:00:00;DD;328783;Grand-Saconnex;S:\UO5196\50_SERMA\04_SECTEUR_EE\02_EVAL_ENVIRO\DD\DD 328783 Construction d'un parking souterrain aménagement ext Grand-Sac
MBA;2025-12-19 00:00:00;DD;328784;Confignon;S:\UO5196\50_SERMA\04_SECTEUR_EE\02_EVAL_ENVIRO\DD\DD 328784 Bâtiment artisanale industrielle Cherpines
FST;2024-06-07 00:00:00;DD;328894;Chêne-Bourg;S:\UO5196\50_SERMA\04_SECTEUR_EE\02_EVAL_ENVIRO\DD\DD 328894 Bâtiment 2 étages avec surface commerciale- Chêne-Bourg
ASC;2024-09-19 00:00:00;DD;329333;Chêne-Bougeries;S:\UO5196\50_SERMA\04_SECTEUR_EE\02_EVAL_ENVIRO\DD\DD 329333 - Construction immeuble logement - Petit-Saconnex
GW;2023-12-20 00:00:00;DD;329589;Lancy;
MBA;2025-10-28 00:00:00;DD;329930;Bardonnex;S:\UO5196\50_SERMA\04_SECTEUR_EE\02_EVAL_ENVIRO\DD\DD 329930 RAE 24-337 Bardograves
MCO;2024-02-14 00:00:00;DD;329980;Vernier;S:\UO5196\50_SERMA\04_SECTEUR_EE\02_EVAL_ENVIRO\DD\DD 329980 Paserelle MD Vernier
FST;2024-01-04 00:00:00;DD;330079;Vernier;S:\UO5196\50_SERMA\04_SECTEUR_EE\02_EVAL_ENVIRO\DD\DD 330079 - bâtiment C2 - Voies CFF - Vernier
GW;2024-04-02 00:00:00;DD;330177;Carouge;S:\UO5196\50_SERMA\04_SECTEUR_EE\02_EVAL_ENVIRO\DD\DD 330177 Ilot A
GW;2025-01-22 00:00:00;DD;330264;Intercommunal;S:\UO5196\50_SERMA\04_SECTEUR_EE\02_EVAL_ENVIRO\DD\DD 330264 Remblayage Ronziers
MBA;2024-03-07 00:00:00;DD;330274;Grand-Saconnex;S:\UO5196\50_SERMA\04_SECTEUR_EE\02_EVAL_ENVIRO\DD\DD 330274 Bâtiment admin et caf Morillons
FST;2025-01-07 00:00:00;DD;330456;Satigny;S:\UO5196\50_SERMA\04_SECTEUR_EE\02_EVAL_ENVIRO\DD\DD 330456 - Place de tir Police - Satigny
MCO;2025-09-16 00:00:00;DD;331043;Satigny;S:\UO5196\50_SERMA\04_SECTEUR_EE\02_EVAL_ENVIRO\DD\DD 331043 + RAE 21-302 Installation ttt eaux - SRREC - Satigny
ASC;2024-05-22 00:00:00;DD;331056;Bellevue;S:\UO5196\50_SERMA\04_SECTEUR_EE\02_EVAL_ENVIRO\DD\DD 331056 Villa Lombard Odier
CT;2024-07-11 00:00:00;DD;331122;Veyrier;S:\UO5196\50_SERMA\04_SECTEUR_EE\02_EVAL_ENVIRO\DD\DD 331122 DD n°2 Pinchat Veyrier BHNS
GW;2024-05-27 00:00:00;DD;331180;Bernex;S:\UO5196\50_SERMA\04_SECTEUR_EE\02_EVAL_ENVIRO\DD\DD 331180 recharge nappe Aire
MCO;2024-05-22 00:00:00;DD;331300;Meyrin;S:\UO5196\50_SERMA\04_SECTEUR_EE\02_EVAL_ENVIRO\DD\DD 331300 (ex DD114264 )+RAE 18-234 Gravière Epeisses
ASC;2024-05-07 00:00:00;DD;331360;Pregny-Chambésy;S:\UO5196\50_SERMA\04_SECTEUR_EE\02_EVAL_ENVIRO\DD\DD 331360 MD ch. de la Riole
MCO;2024-03-21 00:00:00;DD;331561;Vernier;S:\UO5196\50_SERMA\04_SECTEUR_EE\02_EVAL_ENVIRO\DD\DD 331561
ASC;2024-06-27 00:00:00;DD;331698;Genève;S:\UO5196\50_SERMA\04_SECTEUR_EE\02_EVAL_ENVIRO\DD\DD 331698 inst. chantier passerelle Mont-Blanc
CT;2025-01-07 00:00:00;DD;331803;Veyrier;S:\UO5196\50_SERMA\04_SECTEUR_EE\02_EVAL_ENVIRO\DD\DD 331803 - Groupe scolaire Veyrier
MCO;2025-01-28 00:00:00;DD;332094;Bernex;S:\UO5196\50_SERMA\04_SECTEUR_EE\02_EVAL_ENVIRO\DD\DD 332094 Aménagements voirie et espaces végétalisés - future PDZI Rouettes
FST;2025-02-27 00:00:00;DD;332258;Chêne-Bourg;S:\UO5196\50_SERMA\04_SECTEUR_EE\02_EVAL_ENVIRO\DD\DD 332258 3 immeubles logements - Chêne-Bourg
ASC;2024-06-26 00:00:00;DD;332281;Meyrin;S:\UO5196\50_SERMA\04_SECTEUR_EE\02_EVAL_ENVIRO\DD\DD 332281 VVA Rive droite - Vieux Bureau
CT;2024-05-22 00:00:00;DD;332539;Genève;
ASC;;DD;332624;Genève;
ASC;2024-05-30 00:00:00;DD;332673;Grand-Saconnex;
MCO;2024-07-16 00:00:00;DD;332759;Meyrin;S:\UO5196\50_SERMA\04_SECTEUR_EE\02_EVAL_ENVIRO\DD\DD 332759 Installation campus santé (bâtiment B3) - Meyrin
CT;2024-09-17 00:00:00;DD;333026;Genève;S:\UO5196\50_SERMA\04_SECTEUR_EE\02_EVAL_ENVIRO\DD\DD 333026 Echangeur Pierre-Fatio
CT;2025-07-03 00:00:00;DD;333065;Chêne-Bourg;S:\UO5196\50_SERMA\04_SECTEUR_EE\02_EVAL_ENVIRO\DD\DD 333065 Ch. de la Mousse Chêne-Bourg
MCO;2024-06-20 00:00:00;DD;333112;Meyrin;S:\UO5196\50_SERMA\04_SECTEUR_EE\02_EVAL_ENVIRO\DD\DD 333112 Fermeture et agrandissement d'un couvert - atelier menuiserie
GW;2025-06-24 00:00:00;DD;333494;Lancy;S:\UO5196\50_SERMA\04_SECTEUR_EE\02_EVAL_ENVIRO\DD\DD 333494 Bât Surville 8
PRA;2025-06-12 00:00:00;DD;333834;Veyrier;S:\UO5196\50_SERMA\04_SECTEUR_EE\02_EVAL_ENVIRO\DD\DD 333834 - exutoire Arve - Veyrier
MBA;2025-02-11 00:00:00;DD;334175;;S:\UO5196\50_SERMA\04_SECTEUR_EE\02_EVAL_ENVIRO\DD\DD 334175 Création d'une desserte - Confignon
GW;2025-02-10 00:00:00;DD;335109;Intercommunal;S:\UO5196\50_SERMA\04_SECTEUR_EE\02_EVAL_ENVIRO\DD\DD 335109 Tunnel Praille
GW;2025-01-24 00:00:00;DD;335140;Carouge;S:\UO5196\50_SERMA\04_SECTEUR_EE\02_EVAL_ENVIRO\DD\DD 335140 Carrefour Jolivet
ASC;2024-11-28 00:00:00;DD;335201;Vernier;S:\UO5196\50_SERMA\04_SECTEUR_EE\02_EVAL_ENVIRO\DD\DD 335201 - Givaudan bât admin et labos - Vernier
PRA;2025-02-17 00:00:00;DD;335300;Veyrier;S:\UO5196\50_SERMA\04_SECTEUR_EE\02_EVAL_ENVIRO\DD\DD 335300 BHNS Pinchat - DD no 4
FST;2025-02-18 00:00:00;DD;335465;Cologny;S:\UO5196\50_SERMA\04_SECTEUR_EE\02_EVAL_ENVIRO\DD\DD 335465 batiment principal - Nautique
FST;2025-12-09 00:00:00;DD;335500;Cologny;
MBA;2025-12-04 00:00:00;DD;335542;Chêne-Bougeries;S:\UO5196\50_SERMA\04_SECTEUR_EE\02_EVAL_ENVIRO\DD\DD 335542 Mise en place d'armoires électriques
PRA;2025-02-11 00:00:00;DD;335564;Hermance;S:\UO5196\50_SERMA\04_SECTEUR_EE\02_EVAL_ENVIRO\DD\DD 335564 Construction deux immeubles de logements - Hermance
MBA;2025-01-30 00:00:00;DD;335590;Bernex;S:\UO5196\50_SERMA\04_SECTEUR_EE\02_EVAL_ENVIRO\DD\DD 335590 Construction de 8 immeubles_Bernex
MCO;2025-06-26 00:00:00;DD;335694;Dardagny;S:\UO5196\50_SERMA\04_SECTEUR_EE\02_EVAL_ENVIRO\DD\DD 335694 CERN_Forage JURA1_03
MCO;2025-04-23 00:00:00;DD;335695;Satigny;S:\UO5196\50_SERMA\04_SECTEUR_EE\02_EVAL_ENVIRO\DD\DD 335695 CERN_Forage JURA1_07
MCO;2025-06-30 00:00:00;DD;335696;Satigny;S:\UO5196\50_SERMA\04_SECTEUR_EE\02_EVAL_ENVIRO\DD\DD 335696 CERN_Forage JURA1_11
MCO;2025-03-05 00:00:00;DD;335697;Dardagny;S:\UO5196\50_SERMA\04_SECTEUR_EE\02_EVAL_ENVIRO\DD\DD 335697 CERN_Forage JURA1_05
MCO;2025-04-23 00:00:00;DD;335698;Satigny;S:\UO5196\50_SERMA\04_SECTEUR_EE\02_EVAL_ENVIRO\DD\DD 335698 CERN_Forage JURA1_10
MCO;2025-04-23 00:00:00;DD;335699;Dardagny;S:\UO5196\50_SERMA\04_SECTEUR_EE\02_EVAL_ENVIRO\DD\DD 335699 CERN_Forage JURA1_04
MCO;2025-03-05 00:00:00;DD;335700;Satigny;S:\UO5196\50_SERMA\04_SECTEUR_EE\02_EVAL_ENVIRO\DD\DD 335700 CERN_Forage JURA1_09
MCO;2025-02-06 00:00:00;DD;335775;Grand-Saconnex;S:\UO5196\50_SERMA\04_SECTEUR_EE\02_EVAL_ENVIRO\DD\DD 335775 - PS Pavillon
MCO;2025-02-06 00:00:00;DD;335823;Vernier;S:\UO5196\50_SERMA\04_SECTEUR_EE\02_EVAL_ENVIRO\DD\DD 335823 Zimoga_Dessertes_Etape 1.1
MCO;2025-02-06 00:00:00;DD;335989;Vernier;S:\UO5196\50_SERMA\04_SECTEUR_EE\02_EVAL_ENVIRO\DD\DD 335989 Zimoga_Dessertes_Etape 1.2
MCO;2025-03-18 00:00:00;DD;336130;Bernex;S:\UO5196\50_SERMA\04_SECTEUR_EE\02_EVAL_ENVIRO\DD\DD 336130 CO St Mathieu
MCO;2025-06-30 00:00:00;DD;336215;Satigny;S:\UO5196\50_SERMA\04_SECTEUR_EE\02_EVAL_ENVIRO\DD\DD 336215 CERN_Forage JURA1_08
MCO;2025-05-27 00:00:00;DD;336216;Collonge-Bellerive;S:\UO5196\50_SERMA\04_SECTEUR_EE\02_EVAL_ENVIRO\DD\DD 336216 CERN_Forage LAKE_04
MCO;2025-05-27 00:00:00;DD;336225;Bellevue;S:\UO5196\50_SERMA\04_SECTEUR_EE\02_EVAL_ENVIRO\DD\DD 336225 CERN_Forage LAKE01_02_03
ASC;2025-03-20 00:00:00;DD;336289;Genève;S:\UO5196\50_SERMA\04_SECTEUR_EE\02_EVAL_ENVIRO\DD\DD 336289 Concorde secteur T
PRA;2025-03-27 00:00:00;DD;336411;Grand-Saconnex;S:\UO5196\50_SERMA\04_SECTEUR_EE\02_EVAL_ENVIRO\DD\DD 336411 P47
MCO;2025-01-20 00:00:00;DD;336424;Bernex;
MCO;2025-03-27 00:00:00;DD;336428;Satigny;S:\UO5196\50_SERMA\04_SECTEUR_EE\02_EVAL_ENVIRO\DD\DD 336428 Modification altitude terrain gravière
MCO;2025-02-20 00:00:00;DD;336796;Genève;
MBA;2025-05-14 00:00:00;DD;337093;Lancy;S:\UO5196\50_SERMA\04_SECTEUR_EE\02_EVAL_ENVIRO\DD\DD 337093 Parc CHUIT
ASC;2025-04-08 00:00:00;DD;337283;Grand-Saconnex;S:\UO5196\50_SERMA\04_SECTEUR_EE\02_EVAL_ENVIRO\DD\DD 337283 Contre-sens Batailleux
MCO;2025-05-08 00:00:00;DD;337346;Satigny;S:\UO5196\50_SERMA\04_SECTEUR_EE\02_EVAL_ENVIRO\DD\DD 337346 construction 2 couverts-Serbeco
MCO;2025-08-11 00:00:00;DD;337651;Bernex;S:\UO5196\50_SERMA\04_SECTEUR_EE\02_EVAL_ENVIRO\DD\DD 337651 Construction bâtiment stockage et activités - Rouettes
ASC;2025-06-02 00:00:00;DD;337954;Vernier;S:\UO5196\50_SERMA\04_SECTEUR_EE\02_EVAL_ENVIRO\DD\DD 337954 Boues STEP Aïre
PRA;2025-06-23 00:00:00;DD;338085;Grand-Saconnex;S:\UO5196\50_SERMA\04_SECTEUR_EE\02_EVAL_ENVIRO\DD\DD 338085 Voie-des-Traz
MBA;2025-05-26 00:00:00;DD;338365;Carouge;S:\UO5196\50_SERMA\04_SECTEUR_EE\02_EVAL_ENVIRO\DD\DD 338365 Renaturation Drize - Secteur Chapelle
MCO;2025-05-15 00:00:00;DD;338384;Dardagny;
ASC;2025-06-23 00:00:00;DD;338544;Vernier;S:\UO5196\50_SERMA\04_SECTEUR_EE\02_EVAL_ENVIRO\DD\DD 338544 STEP Aïre chaleur fatale
MCO;2025-07-23 00:00:00;DD;338714;Onex;S:\UO5196\50_SERMA\04_SECTEUR_EE\02_EVAL_ENVIRO\DD\DD 338714 VVGB - S1
CT;2025-09-26 00:00:00;DD;338801;Veyrier;S:\UO5196\50_SERMA\04_SECTEUR_EE\02_EVAL_ENVIRO\DD\DD 338801 Rte de l'Uche
MBA;2025-07-03 00:00:00;DD;339510;Onex;S:\UO5196\50_SERMA\04_SECTEUR_EE\02_EVAL_ENVIRO\DD\DD 339510 Protection contre les crues et revitalisation de l'Aire
MBA;2025-09-09 00:00:00;DD;339580;Onex;S:\UO5196\50_SERMA\04_SECTEUR_EE\02_EVAL_ENVIRO\DD\DD 339580 Deux immeubles Onex
GW;2025-10-13 00:00:00;DD;339733;Lancy;S:\UO5196\50_SERMA\04_SECTEUR_EE\02_EVAL_ENVIRO\DD\DD 339733 - 2 Bât logements Surville
CT;2026-10-09 00:00:00;DD;339762;Veyrier;S:\UO5196\50_SERMA\04_SECTEUR_EE\02_EVAL_ENVIRO\DD\DD 339762 Promenade des Cirses - Veyrier
PRA;2025-09-29 00:00:00;DD;339862;Carouge;S:\UO5196\50_SERMA\04_SECTEUR_EE\02_EVAL_ENVIRO\DD\DD 339862 BHNS Pinchat-Veyrier - DD1
MBA;2025-10-22 00:00:00;DD;339875;Lancy;S:\UO5196\50_SERMA\04_SECTEUR_EE\02_EVAL_ENVIRO\DD\DD 339875 Patinoires Trèfle Blanc
FST;2025-08-14 00:00:00;DD;339965;Jussy;S:\UO5196\50_SERMA\04_SECTEUR_EE\02_EVAL_ENVIRO\DD\DD 339965 Agrandissement d'un hangar agricole - Jussy
MBA;2025-10-07 00:00:00;DD;340067;Bardonnex;S:\UO5196\50_SERMA\04_SECTEUR_EE\02_EVAL_ENVIRO\DD\DD 340067 Extraction de graviers et création d'un exutoire dans l'Arande
ASC;2025-11-17 00:00:00;DD;340317;Vernier;S:\UO5196\50_SERMA\04_SECTEUR_EE\02_EVAL_ENVIRO\DD\DD 340317 Passerelle BIBC
ASC;2025-11-10 00:00:00;DD;340344;Satigny;S:\UO5196\50_SERMA\04_SECTEUR_EE\02_EVAL_ENVIRO\DD\DD 340344 Mâchefers Bois-de-Bay
FST;2025-12-11 00:00:00;DD;341042;Avusy;S:\UO5196\50_SERMA\04_SECTEUR_EE\02_EVAL_ENVIRO\DD\DD 341042 Compartiment de type B - Avusy
GW;2025-12-11 00:00:00;DD;341213;Carouge;S:\UO5196\50_SERMA\04_SECTEUR_EE\02_EVAL_ENVIRO\DD\DD 341213 Serbeco Praille Eaux
AM;;MZ;11047;Plan-les-Ouates;S:\UO5196\50_SERMA\04_SECTEUR_EE\02_EVAL_ENVIRO\DD\DD 110475 8 immeubles issus les Sciers
DL;;MZ;11156;Satigny;S:\UO5196\50_SERMA\04_SECTEUR_EE\02_EVAL_ENVIRO\DD\DD 111563 Firmenich - Entrepot et laboratoires
GW;;MZ;11177;Bernex;S:\UO5196\50_SERMA\04_SECTEUR_EE\02_EVAL_ENVIRO\DD\St-Mathieu - DD 111778 et DD 111662
DL;;MZ;11232;Bellevue;S:\UO5196\50_SERMA\04_SECTEUR_EE\02_EVAL_ENVIRO\DD\DD 112320 Champ du Chateau - Collecteurs
CT;;MZ;11279;Genève-Cité, Cologny;S:\UO5196\50_SERMA\04_SECTEUR_EE\02_EVAL_ENVIRO\DD\DD 112790 erreur aiguillage projet renvoye OAC
ASC;;MZ;18247;Vernier;S:\UO5196\50_SERMA\04_SECTEUR_EE\02_EVAL_ENVIRO\RAE\RAE 18-247 Epeisses SA
DL;;MZ;18256;;
ASC;2023-12-05 00:00:00;MZ;29172;Vernier;S:\UO5196\50_SERMA\04_SECTEUR_EE\02_EVAL_ENVIRO\MZ\MZ 29172 - Louis-Casaï - Vernier
ASC;;MZ;29692;Chambésy;S:\UO5196\50_SERMA\04_SECTEUR_EE\02_EVAL_ENVIRO\MZ\MZ 29692 Rive-Belle Chambésy
HL;;MZ;29712;Lancy;S:\UO5196\50_SERMA\04_SECTEUR_EE\02_EVAL_ENVIRO\MZ\MZ 29712 PAV
ASC;;MZ;29748;Châtelaine;S:\UO5196\50_SERMA\04_SECTEUR_EE\02_EVAL_ENVIRO\MZ\MZ 29748 Châtelaine-Franchises
DL;;MZ;29894;Pallanterie;S:\UO5196\50_SERMA\04_SECTEUR_EE\02_EVAL_ENVIRO\MZ\MZ 29894-525 - Pallanterie
AM;;MZ;29910;Troinex;S:\UO5196\50_SERMA\04_SECTEUR_EE\02_EVAL_ENVIRO\MZ\MZ 29910 Troinex Ch Lullin nant de sac
AM;;MZ;29922;Avusy;S:\UO5196\50_SERMA\04_SECTEUR_EE\02_EVAL_ENVIRO\MZ\MZ 29922 Avusy
DL;;MZ;29936;Grand-Saconnex;S:\UO5196\50_SERMA\04_SECTEUR_EE\02_EVAL_ENVIRO\MZ\MZ 29936 La Susette - Grand-Saconnex
CT;2021-08-20 00:00:00;MZ;29937;Meinier;S:\UO5196\50_SERMA\04_SECTEUR_EE\02_EVAL_ENVIRO\MZ\MZ 29937 Carre d'Amont
CT;2021-08-20 00:00:00;MZ;29939;Meinier;S:\UO5196\50_SERMA\04_SECTEUR_EE\02_EVAL_ENVIRO\MZ\MZ 29939 Carre d'Aval
CT;;MZ;29945;Puplinge;S:\UO5196\50_SERMA\04_SECTEUR_EE\02_EVAL_ENVIRO\MZ\MZ 29945 Les Dardelles (Puplinge)
MS;;MZ;29954;Bernex;S:\UO5196\50_SERMA\04_SECTEUR_EE\02_EVAL_ENVIRO\MZ\MZ 29954 Bernex Est
GW;;MZ;29955;Bernex;S:\UO5196\50_SERMA\04_SECTEUR_EE\02_EVAL_ENVIRO\MZ\MZ 29955 Vailly Sud - Bernex
ASC;;MZ;29958;Petit-Saconnex;S:\UO5196\50_SERMA\04_SECTEUR_EE\02_EVAL_ENVIRO\MZ\MZ 29958 Les Crêts - Petit Saconnex
CT;2020-03-13 00:00:00;MZ;29966;Meyrin;S:\UO5196\50_SERMA\04_SECTEUR_EE\02_EVAL_ENVIRO\MZ\MZ 29966 ZDAM Meyrin et Satigny
DL;;MZ;29977;Gd-Saconnex;S:\UO5196\50_SERMA\04_SECTEUR_EE\02_EVAL_ENVIRO\MZ\MZ 29977 Pré-du-Stand - Route de Colovrex
DL;;MZ;29988;Grand-Saconnex;S:\UO5196\50_SERMA\04_SECTEUR_EE\02_EVAL_ENVIRO\MZ\MZ 29988 Bois Brulé
AM;;MZ;29992;Compesières;S:\UO5196\50_SERMA\04_SECTEUR_EE\02_EVAL_ENVIRO\MZ\MZ 29992 Compesières, Bardonnex
DL;;MZ;29995;;S:\UO5196\50_SERMA\04_SECTEUR_EE\02_EVAL_ENVIRO\PDZI\PDZI 29995 Bois Brulé
WV;;MZ;30002;Eaux-Vives;S:\UO5196\50_SERMA\04_SECTEUR_EE\02_EVAL_ENVIRO\MZ\MZ 30002 plage
ASC;;MZ;30006;Bellevue;S:\UO5196\50_SERMA\04_SECTEUR_EE\02_EVAL_ENVIRO\MZ\MZ 30006 Grands-Champs Bellevue
ASC;;MZ;30011;Vernier;S:\UO5196\50_SERMA\04_SECTEUR_EE\02_EVAL_ENVIRO\MZ\MZ 30011 Balexert av. du Pailly
LG;;MZ;30017;Collonge-Bellerive;S:\UO5196\50_SERMA\04_SECTEUR_EE\02_EVAL_ENVIRO\MZ\MZ 30017 Hameau St Maurice - Collonge-Bellerive
GW;;MZ;30046;Meinier;S:\UO5196\50_SERMA\04_SECTEUR_EE\02_EVAL_ENVIRO\MZ\MZ 30046 Corsinge Manège du Chambet (Meinier)
MS;;MZ;30048;Lancy;S:\UO5196\50_SERMA\04_SECTEUR_EE\02_EVAL_ENVIRO\MZ\MZ 30048 Trèfle Blanc
ASC;;MZ;30056;Choulex;S:\UO5196\50_SERMA\04_SECTEUR_EE\02_EVAL_ENVIRO\MZ\MZ 30056 Hameau de Chevrier - Choulex
CT;;MZ;30057;Choulex;S:\UO5196\50_SERMA\04_SECTEUR_EE\02_EVAL_ENVIRO\MZ\MZ 30057 - Entrée ouest de Choulex
GW;;MZ;30058;Bernex;S:\UO5196\50_SERMA\04_SECTEUR_EE\02_EVAL_ENVIRO\MZ\MZ 30058 Goutte Saint-Mathieu
AL;;MZ;30059;Grand-Saconnex;S:\UO5196\50_SERMA\04_SECTEUR_EE\02_EVAL_ENVIRO\MZ\MZ 30059 - Carantec
AL;;MZ;30060;Collex-Bossy;S:\UO5196\50_SERMA\04_SECTEUR_EE\02_EVAL_ENVIRO\MZ\MZ 30060 Bracasset - Collex-Bossy
AL;;MZ;30061;Collex-Bossy;S:\UO5196\50_SERMA\04_SECTEUR_EE\02_EVAL_ENVIRO\MZ\MZ 30061 Houchettes - Collex-Bossy
AL;;MZ;30067;Satigny/Vernier;S:\UO5196\50_SERMA\04_SECTEUR_EE\02_EVAL_ENVIRO\MZ\MZ 30067 La Tuilière
ASC;;MZ;30068;Satigny;S:\UO5196\50_SERMA\04_SECTEUR_EE\02_EVAL_ENVIRO\MZ\MZ 30068 Satigny-Dessus complexe école_mairie
CT;;MZ;30071;Collonge-Bellerive;S:\UO5196\50_SERMA\04_SECTEUR_EE\02_EVAL_ENVIRO\MZ\MZ 30071 Collonge-Bellerive
CT;;MZ;30076;Jussy;S:\UO5196\50_SERMA\04_SECTEUR_EE\02_EVAL_ENVIRO\MZ\MZ 30076 - Hameau de Sionnet - Jussy
CT;;MZ;30078;Jussy;S:\UO5196\50_SERMA\04_SECTEUR_EE\02_EVAL_ENVIRO\MZ\MZ 30078 - Hameau de Monniaz - Jussy
;;MZ;30085;Versoix;S:\UO5196\50_SERMA\04_SECTEUR_EE\02_EVAL_ENVIRO\MZ\MZ 30085 Le Vengeron
;2020-08-27 00:00:00;MZ;30089;Puplinge;S:\UO5196\50_SERMA\04_SECTEUR_EE\02_EVAL_ENVIRO\MZ\MZ 30089 Puplinge Brolliets
AM;;MZ;30108;Onex;S:\UO5196\50_SERMA\04_SECTEUR_EE\02_EVAL_ENVIRO\MZ\MZ 30108 Moraines du Rhône
DL;;MZ;30121;Dardagny;S:\UO5196\50_SERMA\04_SECTEUR_EE\02_EVAL_ENVIRO\MZ\MZ 30121 DS Dardagny
AM;;MZ;30125;Avusy;S:\UO5196\50_SERMA\04_SECTEUR_EE\02_EVAL_ENVIRO\MZ\MZ 30125 Creux du Loup
ASC;;MZ;30135;Vernier;S:\UO5196\50_SERMA\04_SECTEUR_EE\02_EVAL_ENVIRO\PLQ\PLQ 30135 Louis-Casaï Vernier
CT;;MZ;30146;Thonex;S:\UO5196\50_SERMA\04_SECTEUR_EE\02_EVAL_ENVIRO\MZ\MZ 30146 Ch du Foron
CT;2021-03-31 00:00:00;MZ;30181;;S:\UO5196\50_SERMA\04_SECTEUR_EE\02_EVAL_ENVIRO\MZ\MZ 30181 Les Verchères
AM;2021-11-03 00:00:00;MZ;30184;Carouge;S:\UO5196\50_SERMA\04_SECTEUR_EE\02_EVAL_ENVIRO\MZ\MZ 30184-544 - Moraines-Fillon - Carouge
CT;2023-05-23 00:00:00;MZ;30197;Veyrier;S:\UO5196\50_SERMA\04_SECTEUR_EE\02_EVAL_ENVIRO\MZ\MZ 30197 - Veyrier - Tricouni et Marais
CT;2021-08-23 00:00:00;MZ;30199;Genève;S:\UO5196\50_SERMA\04_SECTEUR_EE\02_EVAL_ENVIRO\MZ\MZ 30199 - Petite-Boissière - Eaux-Vives
;2020-07-02 00:00:00;MZ;30200;Lancy;S:\UO5196\50_SERMA\04_SECTEUR_EE\02_EVAL_ENVIRO\MZ\MZ 30200 Village du Grand Lancy
;2020-10-20 00:00:00;MZ;30201;Chêne-Bougeries;S:\UO5196\50_SERMA\04_SECTEUR_EE\02_EVAL_ENVIRO\MZ\MZ 30201-511 Le Moulanais
CT;2022-03-25 00:00:00;MZ;30207;Collonge-Bellerive;S:\UO5196\50_SERMA\04_SECTEUR_EE\02_EVAL_ENVIRO\MZ\MZ 30207 - La Combe - Collonge-Bellerive
AM;2021-05-12 00:00:00;MZ;30208;Onex;S:\UO5196\50_SERMA\04_SECTEUR_EE\02_EVAL_ENVIRO\MZ\MZ 30208 - ET Onex-Centre - initiative communale
MBA;2025-02-12 00:00:00;MZ;30210;Genève;S:\UO5196\50_SERMA\04_SECTEUR_EE\02_EVAL_ENVIRO\MZ\MZ 30210 - Pointe de la Jonction
FST;2024-08-13 00:00:00;MZ;30215;Jussy;S:\UO5196\50_SERMA\04_SECTEUR_EE\02_EVAL_ENVIRO\MZ\MZ 30215 - HES Lullier - Jussy
CT;2022-03-03 00:00:00;MZ;30217;Chêne-Bourg;S:\UO5196\50_SERMA\04_SECTEUR_EE\02_EVAL_ENVIRO\MZ\MZ 30217 - Seymaz-Sud - Chêne-Bourg
CT;2023-04-19 00:00:00;MZ;30224;Jussy;S:\UO5196\50_SERMA\04_SECTEUR_EE\02_EVAL_ENVIRO\MZ\MZ 30224 - Jussy - Les Beillans - La Loure
AM;2022-05-05 00:00:00;MZ;30227;Lancy;S:\UO5196\50_SERMA\04_SECTEUR_EE\02_EVAL_ENVIRO\MZ\MZ 30227 Les Fraisiers - Lancy
GW;2024-05-30 00:00:00;MZ;30228;Troinex;S:\UO5196\50_SERMA\04_SECTEUR_EE\02_EVAL_ENVIRO\MZ\MZ 30228 Moillebin - Troinex
ASC;2023-05-22 00:00:00;MZ;30229;Genthod;S:\UO5196\50_SERMA\04_SECTEUR_EE\02_EVAL_ENVIRO\MZ\MZ 30229 - Valavran - Genthod-Bellevue
FST;2023-11-16 00:00:00;MZ;30261;Corsier;S:\UO5196\50_SERMA\04_SECTEUR_EE\02_EVAL_ENVIRO\MZ\MZ 30261 - Prés-Grange - Corsier
ASC;2025-08-19 00:00:00;MZ;30269;Vernier;S:\UO5196\50_SERMA\04_SECTEUR_EE\02_EVAL_ENVIRO\MZ\MZ 30269 ZD 4A - Vernier
GW;;PLQ;10589;Lancy;S:\UO5196\50_SERMA\04_SECTEUR_EE\02_EVAL_ENVIRO\DD\DD 105890_Lot B1
AM;;PLQ;10750;Plan-les-Ouates;S:\UO5196\50_SERMA\04_SECTEUR_EE\02_EVAL_ENVIRO\DD\DD 107505 Patek Philippe PP6
CT;;PLQ;10836;Genève;S:\UO5196\50_SERMA\04_SECTEUR_EE\02_EVAL_ENVIRO\DD\DD 108363 CFF_Eaux-Vives -Parking&Commerces
GW;;PLQ;11131;Genève;S:\UO5196\50_SERMA\04_SECTEUR_EE\02_EVAL_ENVIRO\DD\DD 111310 Vernets  Bâtiment C
GW;;PLQ;11177;Bernex;S:\UO5196\50_SERMA\04_SECTEUR_EE\02_EVAL_ENVIRO\DD\St-Mathieu - DD 111778 et DD 111662
GW;;PLQ;11186;Lancy ;S:\UO5196\50_SERMA\04_SECTEUR_EE\02_EVAL_ENVIRO\DD\DD 111863 Surville Immeubles 3-4-5
DL;;PLQ;11215;La Plaine;S:\UO5196\50_SERMA\04_SECTEUR_EE\02_EVAL_ENVIRO\DD\DD 112156 Firmenich - Abris presse fûts
ASC;;PLQ;11280;Bellevue;S:\UO5196\50_SERMA\04_SECTEUR_EE\02_EVAL_ENVIRO\DD\DD 112809 - GICORD
ASC;;PLQ;18242;;S:\UO5196\50_SERMA\04_SECTEUR_EE\02_EVAL_ENVIRO\RAE\RAE 18-242 - ESREC des Chânats
CT;;PLQ;18244;;S:\UO5196\50_SERMA\04_SECTEUR_EE\02_EVAL_ENVIRO\RAE\RAE 18-244 Jaquier Services SA
GW;;PLQ;19262;Troinex-Veyrier;S:\UO5196\50_SERMA\04_SECTEUR_EE\02_EVAL_ENVIRO\RAE\RAE 19-262 Bidaux et Rosset
ASC;2023-08-28 00:00:00;PLQ;27346;Meyrin;S:\UO5196\50_SERMA\04_SECTEUR_EE\02_EVAL_ENVIRO\PLQ\PLQ 27346-526 - Abrogation - La Prulay 19 - Meyrin
MBA;2025-01-30 00:00:00;PLQ;27477;Lancy;S:\UO5196\50_SERMA\04_SECTEUR_EE\02_EVAL_ENVIRO\PLQ\PLQ 27477 Les Morgines - Lancy
AM;2022-01-21 00:00:00;PLQ;27597;Genève;S:\UO5196\50_SERMA\04_SECTEUR_EE\02_EVAL_ENVIRO\PLQ\PLQ 27597-307 - Abrogation - Plainpalais
ASC;2022-08-25 00:00:00;PLQ;27770;Vernier;S:\UO5196\50_SERMA\04_SECTEUR_EE\02_EVAL_ENVIRO\PLQ\PLQ 27770 Valombre Blandonnet
DL;2021-01-18 00:00:00;PLQ;27912;Versoix;S:\UO5196\50_SERMA\04_SECTEUR_EE\02_EVAL_ENVIRO\PLQ\PLQ 27912 Chemin Ami Argand Versoix - Abrogation partielle
;2020-06-29 00:00:00;PLQ;28709;Vernier;S:\UO5196\50_SERMA\04_SECTEUR_EE\02_EVAL_ENVIRO\PLQ\PLQ 28709 - procédure d'abandon
CT;2021-07-23 00:00:00;PLQ;28970;Chêne-Bourg;S:\UO5196\50_SERMA\04_SECTEUR_EE\02_EVAL_ENVIRO\PLQ\PLQ 28970 - Abrogation - Chêne-Bourg (DR 18538)
ASC;;PLQ;29749;Petit-Saconnex;S:\UO5196\50_SERMA\04_SECTEUR_EE\02_EVAL_ENVIRO\PLQ\PLQ 29749 Petit-Saconnex _av. de Châtelaine - rte des Franchises
ASC;;PLQ;29780;Versoix;S:\UO5196\50_SERMA\04_SECTEUR_EE\02_EVAL_ENVIRO\PLQ\PLQ 29780 Les Buissonnets - Versoix
DL;;PLQ;29833;Genève;S:\UO5196\50_SERMA\04_SECTEUR_EE\02_EVAL_ENVIRO\PLQ\PLQ 29833 Michée Chauderon
AL;;PLQ;29834;Petit-Saconnex;S:\UO5196\50_SERMA\04_SECTEUR_EE\02_EVAL_ENVIRO\PLQ\PLQ 29834 Fontaines Saintes Petit-Saconnex
AM;;PLQ;29835;Lancy;
MCO;2023-07-19 00:00:00;PLQ;29884;Lancy;S:\UO5196\50_SERMA\04_SECTEUR_EE\02_EVAL_ENVIRO\PLQ\PLQ 29884 Chapelle Gui
DL;;PLQ;29902;Bellevue;S:\UO5196\50_SERMA\04_SECTEUR_EE\02_EVAL_ENVIRO\PLQ\PLQ 29902 Champ du Château
ASC;;PLQ;29947;Meyrin-Vernier;S:\UO5196\50_SERMA\04_SECTEUR_EE\02_EVAL_ENVIRO\PLQ\PLQ 29947 Quartier de l'Etang
ASC;;PLQ;29950;Vieusseux;S:\UO5196\50_SERMA\04_SECTEUR_EE\02_EVAL_ENVIRO\PLQ\PLQ 29950 cité Vieusseux
ASC;;PLQ;29967;Satigny;S:\UO5196\50_SERMA\04_SECTEUR_EE\02_EVAL_ENVIRO\PLQ\PLQ 29967 Route de la Gare-de-Satigny
AM;;PLQ;29972;;S:\UO5196\50_SERMA\04_SECTEUR_EE\02_EVAL_ENVIRO\PLQ\PLQ 29972 Batelle
DL;;PLQ;29975;Meyrin-Vernier;S:\UO5196\50_SERMA\04_SECTEUR_EE\02_EVAL_ENVIRO\PDZI\PDZI 29975 B ZIBAT Nord
MS;;PLQ;29978;Chêne-Bougeries;
DL;;PLQ;29981;Grand-Saconnex;S:\UO5196\50_SERMA\04_SECTEUR_EE\02_EVAL_ENVIRO\PLQ\PLQ 29981 - COE
GW;;PLQ;29983;Veyrier;S:\UO5196\50_SERMA\04_SECTEUR_EE\02_EVAL_ENVIRO\PLQ\PLQ 29983 Maison Vessy - Grands Esserts 1.1
GW;;PLQ;29989;;S:\UO5196\50_SERMA\04_SECTEUR_EE\02_EVAL_ENVIRO\PLQ\PLQ 29989 Les Vernets
CT;;PLQ;30008;Veyrier;S:\UO5196\50_SERMA\04_SECTEUR_EE\02_EVAL_ENVIRO\PLQ\PLQ 30008 Ferme - Grands Esserts 1.2
DL;;PLQ;30009;Petit-Saconnex;S:\UO5196\50_SERMA\04_SECTEUR_EE\02_EVAL_ENVIRO\PLQ\PLQ 30009 Pré Cartelier
AM;;PLQ;30010;Bernex;S:\UO5196\50_SERMA\04_SECTEUR_EE\02_EVAL_ENVIRO\PLQ\PLQ 30010 Chambert Lully Bernex
CT;2022-07-06 00:00:00;PLQ;30016;Chêne-Bourg;S:\UO5196\50_SERMA\04_SECTEUR_EE\02_EVAL_ENVIRO\PLQ\PLQ 30016 Chemin de la Mousse
GW;;PLQ;30020;Bernex;S:\UO5196\50_SERMA\04_SECTEUR_EE\02_EVAL_ENVIRO\PLQ\PLQ 30020 St-Mathieu
GW;;PLQ;30021;Bernex;S:\UO5196\50_SERMA\04_SECTEUR_EE\02_EVAL_ENVIRO\PLQ\PLQ 30021 Grouet
MCO;2025-01-20 00:00:00;PLQ;30022;Bernex;S:\UO5196\50_SERMA\04_SECTEUR_EE\02_EVAL_ENVIRO\PLQ\PLQ 30022 Vailly
CT;;PLQ;30038;Veyrier;S:\UO5196\50_SERMA\04_SECTEUR_EE\02_EVAL_ENVIRO\PLQ\PLQ 30038 Beaux-Champs - Grands Esserts 1.3
AM;;PLQ;30043;Plan-les-Ouates;S:\UO5196\50_SERMA\04_SECTEUR_EE\02_EVAL_ENVIRO\PLQ\PLQ 30043 Rolliet Cherpines
GW;;PLQ;30044;Genève;S:\UO5196\50_SERMA\04_SECTEUR_EE\02_EVAL_ENVIRO\PLQ\PLQ 30044 Etoile 1 PAV
PRA;2024-11-12 00:00:00;PLQ;30047;Lancy;S:\UO5196\50_SERMA\04_SECTEUR_EE\02_EVAL_ENVIRO\PLQ\PLQ 30047 Boucle de tram Palettes - Semailles Lancy
ASC;2021-02-08 00:00:00;PLQ;30049;;S:\UO5196\50_SERMA\04_SECTEUR_EE\02_EVAL_ENVIRO\PLQ\PLQ 30049 - Bourgogne - Petit-Saconnex
GW;2023-08-02 00:00:00;PLQ;30052;Genève;S:\UO5196\50_SERMA\04_SECTEUR_EE\02_EVAL_ENVIRO\PLQ\PLQ 30052 Acacias 1
AM;;PLQ;30062;Eaux-vives;S:\UO5196\50_SERMA\04_SECTEUR_EE\02_EVAL_ENVIRO\PLQ\PLQ 30062 Avenue Godefroy Eaux Vives
;2020-09-17 00:00:00;PLQ;30064;Versoix;S:\UO5196\50_SERMA\04_SECTEUR_EE\02_EVAL_ENVIRO\PLQ\PLQ 30064 Ilot Jean-Querret
AM;2020-06-10 00:00:00;PLQ;30065;Carouge;S:\UO5196\50_SERMA\04_SECTEUR_EE\02_EVAL_ENVIRO\PLQ\PLQ 30065 Menuisiers Carouge
DL;;PLQ;30072;Petit-Saconnex;S:\UO5196\50_SERMA\04_SECTEUR_EE\02_EVAL_ENVIRO\PLQ\PLQ 30072 - Cité internationale du Grand-Morillon
AM;2021-07-06 00:00:00;PLQ;30081;;S:\UO5196\50_SERMA\04_SECTEUR_EE\02_EVAL_ENVIRO\DD\DD 323365 PLQ 30081_La Mûre
CT;2022-07-19 00:00:00;PLQ;30082;Veyrier;S:\UO5196\50_SERMA\04_SECTEUR_EE\02_EVAL_ENVIRO\PLQ\PLQ 30082 Secteur Cirses - Grands Esserts
MBA;2024-09-24 00:00:00;PLQ;30087; -;S:\UO5196\50_SERMA\04_SECTEUR_EE\02_EVAL_ENVIRO\PLQ\PLQ 30087 Cherpines
AM;2023-02-09 00:00:00;PLQ;30088;Troinex;S:\UO5196\50_SERMA\04_SECTEUR_EE\02_EVAL_ENVIRO\PLQ\PLQ 30088 Chemin Lullin
;2020-08-27 00:00:00;PLQ;30090;Puplinge;S:\UO5196\50_SERMA\04_SECTEUR_EE\02_EVAL_ENVIRO\PLQ\PLQ 30090 Puplinge Brolliets
CT;2024-07-24 00:00:00;PLQ;30102;Thônex;S:\UO5196\50_SERMA\04_SECTEUR_EE\02_EVAL_ENVIRO\PLQ\PLQ 30102 Communaux d'Ambilly pièce A1
CT;2024-07-24 00:00:00;PLQ;30103;Thônex;S:\UO5196\50_SERMA\04_SECTEUR_EE\02_EVAL_ENVIRO\PLQ\PLQ 30103 Communaux d'Ambilly pièce A3
MBA;2025-09-04 00:00:00;PLQ;30112;Onex;S:\UO5196\50_SERMA\04_SECTEUR_EE\02_EVAL_ENVIRO\PLQ\PLQ 30112 Moraines du Rhône
DL;2020-06-26 00:00:00;PLQ;30114;Confignon;S:\UO5196\50_SERMA\04_SECTEUR_EE\02_EVAL_ENVIRO\PLQ\PLQ 30114 Vuillonnex
AM;;PLQ;30118;Plan-les-Ouates;S:\UO5196\50_SERMA\04_SECTEUR_EE\02_EVAL_ENVIRO\MZ\MZ 30118 Les Marais Cherpines
PRA;2025-04-29 00:00:00;PLQ;30123;Lancy;S:\UO5196\50_SERMA\04_SECTEUR_EE\02_EVAL_ENVIRO\PLQ\PLQ 30123 Les Semailles
ASC;2023-11-10 00:00:00;PLQ;30126;Grand-Saconnex;S:\UO5196\50_SERMA\04_SECTEUR_EE\02_EVAL_ENVIRO\PLQ\PLQ 30126 - Carantec
;2020-09-29 00:00:00;PLQ;30128; -;S:\UO5196\50_SERMA\04_SECTEUR_EE\02_EVAL_ENVIRO\PLQ\PLQ 30128 Point Nord Ouest
GW;2025-03-27 00:00:00;PLQ;30129;Carouge;S:\UO5196\50_SERMA\04_SECTEUR_EE\02_EVAL_ENVIRO\PLQ\PLQ 30129 Etoile 2
AM;2020-05-19 00:00:00;PLQ;30130;Genève;S:\UO5196\50_SERMA\04_SECTEUR_EE\02_EVAL_ENVIRO\PLQ\PLQ 30130 Grosselin 2
MBA;2024-06-04 00:00:00;PLQ;30131;Plan-les-Ouates;S:\UO5196\50_SERMA\04_SECTEUR_EE\02_EVAL_ENVIRO\PLQ\PLQ 30131 Arare
ASC;2023-12-13 00:00:00;PLQ;30132;Grand-Saconnex;S:\UO5196\50_SERMA\04_SECTEUR_EE\02_EVAL_ENVIRO\PLQ\PLQ 30132 Morillon Parc
DL;2020-01-21 00:00:00;PLQ;30134;Petit-Saconnex;S:\UO5196\50_SERMA\04_SECTEUR_EE\02_EVAL_ENVIRO\PLQ\PLQ 30134 Cité de la Musique
ASC;;PLQ;30135;Vernier;S:\UO5196\50_SERMA\04_SECTEUR_EE\02_EVAL_ENVIRO\PLQ\PLQ 30135 Louis-Casaï Vernier
CT;2021-05-06 00:00:00;PLQ;30137;Anières;S:\UO5196\50_SERMA\04_SECTEUR_EE\02_EVAL_ENVIRO\PLQ\PLQ 30137 - Anières
CT;2021-02-17 00:00:00;PLQ;30147;;S:\UO5196\50_SERMA\04_SECTEUR_EE\02_EVAL_ENVIRO\PLQ\PLQ 30147 - Développement centre de Presinge
GW;2020-06-15 00:00:00;PLQ;30160;Genève;S:\UO5196\50_SERMA\04_SECTEUR_EE\02_EVAL_ENVIRO\PLQ\PLQ 30160 Bout-du-Monde
ASC;2025-07-02 00:00:00;PLQ;30162;Meyrin;S:\UO5196\50_SERMA\04_SECTEUR_EE\02_EVAL_ENVIRO\PLQ\PLQ 30162 - Pré-Bois
MCO;2024-12-05 00:00:00;PLQ;30176;Satigny;S:\UO5196\50_SERMA\04_SECTEUR_EE\02_EVAL_ENVIRO\PLQ\PLQ 30176 Pôle Satigny gare
CT;2024-04-16 00:00:00;PLQ;30182;Chêne-Bourg;S:\UO5196\50_SERMA\04_SECTEUR_EE\02_EVAL_ENVIRO\PLQ\PLQ 30182 Gravière Vergys
CT;;PLQ;30183;Genève;
CT;2025-10-09 00:00:00;PLQ;30209;Corsier;S:\UO5196\50_SERMA\04_SECTEUR_EE\02_EVAL_ENVIRO\PLQ\PLQ 30209 Chasselas
MCO;2025-02-04 00:00:00;PLQ;30232;Meyrin;S:\UO5196\50_SERMA\04_SECTEUR_EE\02_EVAL_ENVIRO\PLQ\PLQ 30232 Hôpital La Tour PU2 Meyrin
CT;2024-04-10 00:00:00;PLQ;30233;Chêne-Bourg;S:\UO5196\50_SERMA\04_SECTEUR_EE\02_EVAL_ENVIRO\PLQ\PLQ 30233 Av. Baud-Place de la Gare - Chêne-Bourg
CT;2025-07-17 00:00:00;PLQ;30272;Choulex;S:\UO5196\50_SERMA\04_SECTEUR_EE\02_EVAL_ENVIRO\PLQ\PLQ 30272 Choulex Ouest
ASC;2021-06-17 00:00:00;RAE;07127;;S:\UO5196\50_SERMA\04_SECTEUR_EE\02_EVAL_ENVIRO\RAE\RAE 07-127 SIG Halle Bois-de-Bay
ASC;;RAE;08133;Vernier;S:\UO5196\50_SERMA\04_SECTEUR_EE\02_EVAL_ENVIRO\RAE\RAE 08-133 - GESA
AM;;RAE;08145;;
ASC;;RAE;10158;;S:\UO5196\50_SERMA\04_SECTEUR_EE\02_EVAL_ENVIRO\RAE\RAE 10-158 Serbeco
ASC;;RAE;10162;Carouge;S:\UO5196\50_SERMA\04_SECTEUR_EE\02_EVAL_ENVIRO\RAE\RAE 10-162 M. Ducret SA
AM;;RAE;12011;Laconnex;S:\UO5196\50_SERMA\04_SECTEUR_EE\02_EVAL_ENVIRO\RAE\RAE 414-162 lié à PE 01-2011 Forestal
ASC;;RAE;12017;Céligny;
AM;;RAE;15205;;
ASC;;RAE;15206;Founex;S:\UO5196\50_SERMA\04_SECTEUR_EE\02_EVAL_ENVIRO\RAE\RAE 15-206 Girardi et Cie concasseur mobile
AM;;RAE;16208;;S:\UO5196\50_SERMA\04_SECTEUR_EE\02_EVAL_ENVIRO\RAE\RAE 16-208 Ronchi SA Installation mobile de recyclage
DL;;RAE;16209;Vernier;S:\UO5196\50_SERMA\04_SECTEUR_EE\02_EVAL_ENVIRO\RAE\RAE 16-209 - GESA - Installation mobile de criblage
ASC;;RAE;16211;Plan-les-Ouates;S:\UO5196\50_SERMA\04_SECTEUR_EE\02_EVAL_ENVIRO\RAE\RAE 16-211 Piasio concassage mobile
GW;;RAE;16213;Aire-la-Ville;S:\UO5196\50_SERMA\04_SECTEUR_EE\02_EVAL_ENVIRO\RAE\RAE 16-213 - CHENEVIERS IV
MCO;2025-06-25 00:00:00;RAE;16217;Satigny;S:\UO5196\50_SERMA\04_SECTEUR_EE\02_EVAL_ENVIRO\RAE\RAE 16-217 SOGETRI Installation élimination déchets Satigny
AL;;RAE;17219;Satigny;S:\UO5196\50_SERMA\04_SECTEUR_EE\02_EVAL_ENVIRO\RAE\RAE 17-219 SOREVAL - installation mobile de concassage
AM;;RAE;17220;;S:\UO5196\50_SERMA\04_SECTEUR_EE\02_EVAL_ENVIRO\RAE\RAE 17-220 GESA installation mobile
AM;;RAE;17221;;S:\UO5196\50_SERMA\04_SECTEUR_EE\02_EVAL_ENVIRO\RAE\RAE 17-221 GESA installation mobile
AM;;RAE;17226;Troinex;S:\UO5196\50_SERMA\04_SECTEUR_EE\02_EVAL_ENVIRO\RAE\RAE 17-226 - BEP Travaux Publics SA
AM;;RAE;18230;Genève;
DL;;RAE;18231;Grand-Saconnex;S:\UO5196\50_SERMA\04_SECTEUR_EE\02_EVAL_ENVIRO\RAE\RAE 18-231 - Installation mobile - Marti
GW;2025-07-29 00:00:00;RAE;18232;Lancy;S:\UO5196\50_SERMA\04_SECTEUR_EE\02_EVAL_ENVIRO\RAE\RAE 18-232 Jaeger et Bosshard SA
DL;;RAE;18234;Satigny Meyrin;S:\UO5196\50_SERMA\04_SECTEUR_EE\02_EVAL_ENVIRO\DD\DD 331300 (ex DD114264 )+RAE 18-234 Gravière Epeisses
AM;;RAE;18238;Carouge;S:\UO5196\50_SERMA\04_SECTEUR_EE\02_EVAL_ENVIRO\RAE\RAE 18-238 Ducret SA
DL;;RAE;18239;Aïre;S:\UO5196\50_SERMA\04_SECTEUR_EE\02_EVAL_ENVIRO\RAE\RAE 18-239 - STEP d'Aïre 2
PRA;2025-09-16 00:00:00;RAE;18240;Bernex;S:\UO5196\50_SERMA\04_SECTEUR_EE\02_EVAL_ENVIRO\RAE\RAE 18-240 - ESREC Châtillon
GW;2025-10-06 00:00:00;RAE;18241;Carouge;S:\UO5196\50_SERMA\04_SECTEUR_EE\02_EVAL_ENVIRO\RAE\RAE 18-241 - ESREC Praille
ASC;2025-06-06 00:00:00;RAE;18242;Bellevue;S:\UO5196\50_SERMA\04_SECTEUR_EE\02_EVAL_ENVIRO\RAE\RAE 18-242 - ESREC des Chânats
DL;;RAE;18243;Vernier;S:\UO5196\50_SERMA\04_SECTEUR_EE\02_EVAL_ENVIRO\RAE\RAE 18-243 - Broyeur mobile GESA - Vernier
CT;2025-11-18 00:00:00;RAE;18244;;S:\UO5196\50_SERMA\04_SECTEUR_EE\02_EVAL_ENVIRO\RAE\RAE 18-244 Jaquier Services SA
AM;2021-01-14 00:00:00;RAE;18245;Satigny;S:\UO5196\50_SERMA\04_SECTEUR_EE\02_EVAL_ENVIRO\RAE\RAE 18-245 RVM Satigny
ASC;2025-02-13 00:00:00;RAE;18246;Satigny;S:\UO5196\50_SERMA\04_SECTEUR_EE\02_EVAL_ENVIRO\RAE\RAE 18-246 - Soreval SA
GW;2020-04-23 00:00:00;RAE;18247;Satigny;S:\UO5196\50_SERMA\04_SECTEUR_EE\02_EVAL_ENVIRO\RAE\RAE 18-247 Epeisses SA
CT;;RAE;18854;Genève;
GW;2025-11-10 00:00:00;RAE;19257;Carouge;S:\UO5196\50_SERMA\04_SECTEUR_EE\02_EVAL_ENVIRO\RAE\RAE 19-257 Serbeco SA La Praille
;2020-08-13 00:00:00;RAE;19259; -;S:\UO5196\50_SERMA\04_SECTEUR_EE\02_EVAL_ENVIRO\RAE\RAE 19-259 - Orllati - Plateforme de recyclage
AM;2020-01-27 00:00:00;RAE;19260;Jussy;S:\UO5196\50_SERMA\04_SECTEUR_EE\02_EVAL_ENVIRO\RAE\RAE 19-260 Meyer et Walter
AM;2020-01-28 00:00:00;RAE;19261;Vandoeuvres;S:\UO5196\50_SERMA\04_SECTEUR_EE\02_EVAL_ENVIRO\RAE\RAE 19-261 Stalder et Favre
DL;2020-01-30 00:00:00;RAE;19262;Troinex-Veyrier;S:\UO5196\50_SERMA\04_SECTEUR_EE\02_EVAL_ENVIRO\RAE\RAE 19-262 Bidaux et Rosset
;2020-08-25 00:00:00;RAE;19265;Carouge;S:\UO5196\50_SERMA\04_SECTEUR_EE\02_EVAL_ENVIRO\RAE\RAE 19-265 Papirec SA
MCO;2025-07-30 00:00:00;RAE;19269;Satigny;S:\UO5196\50_SERMA\04_SECTEUR_EE\02_EVAL_ENVIRO\RAE\RAE 19-269 Tecvia
GW;2021-03-31 00:00:00;RAE;20271; -;S:\UO5196\50_SERMA\04_SECTEUR_EE\02_EVAL_ENVIRO\RAE\RAE 20-271 Rotelli SA
AM;2022-02-23 00:00:00;RAE;20272;Aire-la-Ville;S:\UO5196\50_SERMA\04_SECTEUR_EE\02_EVAL_ENVIRO\RAE\RAE 20-272 CTDS SA
;2020-08-06 00:00:00;RAE;20277; -;S:\UO5196\50_SERMA\04_SECTEUR_EE\02_EVAL_ENVIRO\RAE\RAE 20-277 Orllati Granulats & Béton SA
;2020-08-10 00:00:00;RAE;20278; -;S:\UO5196\50_SERMA\04_SECTEUR_EE\02_EVAL_ENVIRO\RAE\RAE 20-278 - Mont Blanc
;2020-08-28 00:00:00;RAE;20279;Intercommunal;S:\UO5196\50_SERMA\04_SECTEUR_EE\02_EVAL_ENVIRO\RAE\RAE 20-279 Michel Démolition - Installation mobile d'élimination des déchets
;2020-09-16 00:00:00;RAE;20281; -;S:\UO5196\50_SERMA\04_SECTEUR_EE\02_EVAL_ENVIRO\RAE\RAE 20-281 Mobilitri ESREC mobile Arve-Lac
;2020-10-20 00:00:00;RAE;20287; -;S:\UO5196\50_SERMA\04_SECTEUR_EE\02_EVAL_ENVIRO\RAE\RAE 20-287 DDCR SA
AM;2022-01-24 00:00:00;RAE;20290;Vernier;S:\UO5196\50_SERMA\04_SECTEUR_EE\02_EVAL_ENVIRO\RAE\RAE 20-290 RETRIPA SA - Renouvellement autor
GW;2021-06-03 00:00:00;RAE;20294;;S:\UO5196\50_SERMA\04_SECTEUR_EE\02_EVAL_ENVIRO\RAE\RAE 20-294 - Sogetri SA - La Praille
GW;2024-08-07 00:00:00;RAE;20295;Carouge;S:\UO5196\50_SERMA\04_SECTEUR_EE\02_EVAL_ENVIRO\RAE\RAE 20-295 CIDEC
AM;2021-02-02 00:00:00;RAE;20296;;S:\UO5196\50_SERMA\04_SECTEUR_EE\02_EVAL_ENVIRO\RAE\RAE 20-296 Implenia Suisse - Installation mobile
DL;2021-01-28 00:00:00;RAE;20297;;S:\UO5196\50_SERMA\04_SECTEUR_EE\02_EVAL_ENVIRO\RAE\RAE 20-297 Sasso Recyclage SA
GW;2021-02-23 00:00:00;RAE;20298;;S:\UO5196\50_SERMA\04_SECTEUR_EE\02_EVAL_ENVIRO\RAE\RAE 20-298 Mont-Blanc Recyclage - Installation mobile
DL;2021-05-20 00:00:00;RAE;21303;;S:\UO5196\50_SERMA\04_SECTEUR_EE\02_EVAL_ENVIRO\RAE\RAE 21-303 - GESA - Installation mobile traitement des déchets
DL;2021-05-20 00:00:00;RAE;21304;;S:\UO5196\50_SERMA\04_SECTEUR_EE\02_EVAL_ENVIRO\RAE\RAE 21-304 - GESA - Installation mobile traitement des déchets
CT;2021-06-03 00:00:00;RAE;21305;;S:\UO5196\50_SERMA\04_SECTEUR_EE\02_EVAL_ENVIRO\RAE\RAE 21-305 GESA - installation mobile
GW;2021-06-03 00:00:00;RAE;21306;;S:\UO5196\50_SERMA\04_SECTEUR_EE\02_EVAL_ENVIRO\RAE\RAE 21-306 GESA - Installation mobile
ASC;2021-05-10 00:00:00;RAE;21307;;S:\UO5196\50_SERMA\04_SECTEUR_EE\02_EVAL_ENVIRO\RAE\RAE 21-307 GESA Installation mobile
GW;2024-09-24 00:00:00;RAE;21308;Satigny;S:\UO5196\50_SERMA\04_SECTEUR_EE\02_EVAL_ENVIRO\DD\DD 114183 - RAE 21-308 - Jaquier SA - Satigny
AM;2022-02-11 00:00:00;RAE;21309;Satigny;S:\UO5196\50_SERMA\04_SECTEUR_EE\02_EVAL_ENVIRO\RAE\RAE 21-309 Abbé SA
GW;2022-01-10 00:00:00;RAE;21311;Genève;S:\UO5196\50_SERMA\04_SECTEUR_EE\02_EVAL_ENVIRO\RAE\RAE 21-311 DEVAREM stabilisation
AM;2022-07-11 00:00:00;RAE;21316;Meyrin;S:\UO5196\50_SERMA\04_SECTEUR_EE\02_EVAL_ENVIRO\RAE\RAE 21-316 - GESA Montfleury
GW;2022-06-01 00:00:00;RAE;22317;Carouge;S:\UO5196\50_SERMA\04_SECTEUR_EE\02_EVAL_ENVIRO\RAE\RAE 22-317 Plateforme Serbeco Pictet
GW;2022-07-01 00:00:00;RAE;22318;Satigny;S:\UO5196\50_SERMA\04_SECTEUR_EE\02_EVAL_ENVIRO\RAE\RAE 22-318 Pôle bio Satigny
GW;2022-08-18 00:00:00;RAE;22326;Carouge;S:\UO5196\50_SERMA\04_SECTEUR_EE\02_EVAL_ENVIRO\RAE\RAE 22-326 Plateforme rte des Jeunes
FST;2024-04-16 00:00:00;RAE;22329;Corsier;S:\UO5196\50_SERMA\04_SECTEUR_EE\02_EVAL_ENVIRO\RAE\RAE 22-329 SOGETRI CORSIER
GW;2023-07-19 00:00:00;RAE;23331;Bernex;S:\UO5196\50_SERMA\04_SECTEUR_EE\02_EVAL_ENVIRO\RAE\RAE 23-331 ITMR Châtillon
MCO;2024-08-13 00:00:00;RAE;24340;Satigny;S:\UO5196\50_SERMA\04_SECTEUR_EE\02_EVAL_ENVIRO\RAE\RAE 24-340 - Serbeco ZIBAY
MBA;2024-11-21 00:00:00;RAE;24342;Bardonnex;S:\UO5196\50_SERMA\04_SECTEUR_EE\02_EVAL_ENVIRO\RAE\RAE 1142-241 et 24-342 - En Combe - Bardonnex
ASC;2025-07-01 00:00:00;RAE;25350;Bellevue;S:\UO5196\50_SERMA\04_SECTEUR_EE\02_EVAL_ENVIRO\RAE\RAE 25-350 GICORD
GW;2025-07-23 00:00:00;RAE;25354;Carouge;S:\UO5196\50_SERMA\04_SECTEUR_EE\02_EVAL_ENVIRO\RAE\RAE 25-354 - Serbeco La Praille
CT;;RAE;30147;Presinge;S:\UO5196\50_SERMA\04_SECTEUR_EE\02_EVAL_ENVIRO\PLQ\PLQ 30147 - Développement centre de Presinge
CT;;RAE;32018;Anières;
CT;;RAE;108350;;S:\UO5196\50_SERMA\04_SECTEUR_EE\02_EVAL_ENVIRO\DD\DD 108350 RC 23 Route de Jussy Lot 1
DL;;RAE;110263;Chambésy Cologny;S:\UO5196\50_SERMA\04_SECTEUR_EE\02_EVAL_ENVIRO\DD\DD 110263 - Station de pompage le Vengeron - Parking voitures et bateaux
GW;;RAE;110822;Lancy;S:\UO5196\50_SERMA\04_SECTEUR_EE\02_EVAL_ENVIRO\DD\DD 110822 Lots D+E
GW;;RAE;110823;Lancy;S:\UO5196\50_SERMA\04_SECTEUR_EE\02_EVAL_ENVIRO\DD\DD 110823 L13 Adret
GW;;RAE;111066;Lancy;S:\UO5196\50_SERMA\04_SECTEUR_EE\02_EVAL_ENVIRO\DD\DD 111066 Surville rampe
GW;;RAE;111069;Lancy;S:\UO5196\50_SERMA\04_SECTEUR_EE\02_EVAL_ENVIRO\DD\DD 111069 Surville Bât 14
GW;;RAE;111237;Lancy;
AM;;RAE;111490;Plan-les-Ouates;S:\UO5196\50_SERMA\04_SECTEUR_EE\02_EVAL_ENVIRO\DD\DD 111490_BRACCO
DL;;RAE;111671;Genève;S:\UO5196\50_SERMA\04_SECTEUR_EE\02_EVAL_ENVIRO\DD\DD 111671  Génilac Turretini-Seujet
GW;;RAE;111778;Bernex;S:\UO5196\50_SERMA\04_SECTEUR_EE\02_EVAL_ENVIRO\DD\St-Mathieu - DD 111778 et DD 111662
GW;;RAE;112116;Lancy;S:\UO5196\50_SERMA\04_SECTEUR_EE\02_EVAL_ENVIRO\DD\DD 112116 Bât B3 Adret
AM;;RAE;112535;Carouge;S:\UO5196\50_SERMA\04_SECTEUR_EE\02_EVAL_ENVIRO\DD\DD 112535 carroll Lewis
AM;;RAE;112791;Satigny;S:\UO5196\50_SERMA\04_SECTEUR_EE\02_EVAL_ENVIRO\DD\DD 112791 Halle machefers Satigny
DL;;RAE;112906;Bellevue;S:\UO5196\50_SERMA\04_SECTEUR_EE\02_EVAL_ENVIRO\DD\DD 112906 Lombard Odier Aménagements paysagers
MBA;2025-02-06 00:00:00;RAE;114224;Bardonnex;S:\UO5196\50_SERMA\04_SECTEUR_EE\02_EVAL_ENVIRO\RAE\RAE 1142-241 et 24-342 - En Combe - Bardonnex
GW;;RAE;162142;Genève;S:\UO5196\50_SERMA\04_SECTEUR_EE\02_EVAL_ENVIRO\RAE\RAE 16-214-215-216 Grisoni-Zaugg SA
HL;;RAE;414162;Laconnex;S:\UO5196\50_SERMA\04_SECTEUR_EE\02_EVAL_ENVIRO\RAE\RAE 414-162 lié à PE 01-2011 Forestal
MS;;RAE;414164;Laconnex;S:\UO5196\50_SERMA\04_SECTEUR_EE\02_EVAL_ENVIRO\RAE\RAE 414-164 - Bois des Etaillies SASSO SA
GW;;RAE;414171;Laconnex;S:\UO5196\50_SERMA\04_SECTEUR_EE\02_EVAL_ENVIRO\RAE\RAE 414-171 Champ Courbe Laconnex
RFSCH;2022-10-06 00:00:00;RAE;414201;Laconnex;S:\UO5196\50_SERMA\04_SECTEUR_EE\02_EVAL_ENVIRO\RAE\RAE 414-201 et DD 114219 - HOLCIM - Laconnex
ASC;2022-02-08 00:00:00;RAE;414212;Laconnex;S:\UO5196\50_SERMA\04_SECTEUR_EE\02_EVAL_ENVIRO\RAE\RAE 414-212 HOLCIM - Laconnex et Avusy
MCO;2023-05-17 00:00:00;RAE;414214;Laconnex;S:\UO5196\50_SERMA\04_SECTEUR_EE\02_EVAL_ENVIRO\RAE\RAE 414-214 HOLCIM - Laconnex
GW;2023-07-18 00:00:00;RAE;414221;Laconnex;S:\UO5196\50_SERMA\04_SECTEUR_EE\02_EVAL_ENVIRO\RAE\RAE 414-221 Manchettes - Laconnex
HL;;RAE;415163;Laconnex;S:\UO5196\50_SERMA\04_SECTEUR_EE\02_EVAL_ENVIRO\RAE\RAE 415-163  lié à PE 01-2013
PRA;2025-05-16 00:00:00;RAE;415242;Avusy;S:\UO5196\50_SERMA\04_SECTEUR_EE\02_EVAL_ENVIRO\RAE\RAE 415-242 Devant Forestal - Avusy
MS;;RAE;420142;Bernex;
GW;2022-08-18 00:00:00;RAE;420211;Bernex;S:\UO5196\50_SERMA\04_SECTEUR_EE\02_EVAL_ENVIRO\RAE\RAE 420-211 - secteur Sous-Bernex (liée au PE 03-2007)
MCO;2025-07-02 00:00:00;RAE;420231;Bernex;S:\UO5196\50_SERMA\04_SECTEUR_EE\02_EVAL_ENVIRO\RAE\RAE 420-231 Bernex
PPH;;PDZI;18529;Chêne-Bougeries;
DL;2021-06-28 00:00:00;PDZI;29745;;S:\UO5196\50_SERMA\04_SECTEUR_EE\02_EVAL_ENVIRO\PDZI\PDZI 29745 Valavran - Bellevue
MBA;2024-03-18 00:00:00;PDZI;29968;;S:\UO5196\50_SERMA\04_SECTEUR_EE\02_EVAL_ENVIRO\PDZI\PDZI 29968 Cherpines
DL;2021-09-27 00:00:00;PDZI;29975;;S:\UO5196\50_SERMA\04_SECTEUR_EE\02_EVAL_ENVIRO\PDZI\PDZI 29975 B ZIBAT Nord
DL;;PDZI;29976;;S:\UO5196\50_SERMA\04_SECTEUR_EE\02_EVAL_ENVIRO\PDZI\PDZI 29976 ZIMOGA
DL;;PDZI;29994;Pallanterie;S:\UO5196\50_SERMA\04_SECTEUR_EE\02_EVAL_ENVIRO\PDZI\PDZI 29994 Pallanterie
CT;2020-02-11 00:00:00;PDZI;29995;Grand-Saconnex;S:\UO5196\50_SERMA\04_SECTEUR_EE\02_EVAL_ENVIRO\PDZI\PDZI 29995 Bois Brulé
AL;;PDZI;30066;Satigny/Vernier;S:\UO5196\50_SERMA\04_SECTEUR_EE\02_EVAL_ENVIRO\PDZI\PDZI 30066 ZITUIL
AM;;PDZI;30081;Bardonnex;S:\UO5196\50_SERMA\04_SECTEUR_EE\02_EVAL_ENVIRO\DD\DD 323365 PLQ 30081_La Mûre
GW;2023-11-21 00:00:00;PDZI;30097;Bernex;S:\UO5196\50_SERMA\04_SECTEUR_EE\02_EVAL_ENVIRO\PDZI\PDZI 30097 Rouettes
GW;;PDZI;111068;Lancy;S:\UO5196\50_SERMA\04_SECTEUR_EE\02_EVAL_ENVIRO\DD\DD 111068 Bât 15 Surville
GW;;PDZI;111312;Genève;S:\UO5196\50_SERMA\04_SECTEUR_EE\02_EVAL_ENVIRO\DD\DD 111312 Vernets Espaces extérieurs
